first_name,last_name,ip_address,email
Ruby,Garza,240.134.44.206,rgarza0@webs.com
Aaron,Elliott,152.100.124.108,aelliott1@bing.com
Justin,White,54.217.164.25,jwhite2@digg.com
Kathy,Greene,112.221.92.2,kgreene3@wunderground.com
Brenda,Edwards,159.144.119.50,bedwards4@dmoz.org
Robert,Cole,47.175.7.236,rcole5@who.int
Frank,Hawkins,26.182.27.77,fhawkins6@jimdo.com
Ralph,Clark,186.55.110.115,rclark7@geocities.com
Victor,Hawkins,252.128.110.237,vhawkins8@cnn.com
Cheryl,Wagner,128.87.92.19,cwagner9@wp.com
Wanda,Gray,252.243.91.98,wgraya@google.com.hk
Bobby,Armstrong,235.110.197.148,barmstrongb@topsy.com
Willie,Williamson,75.17.98.179,wwilliamsonc@phpbb.com
Timothy,Hanson,217.40.4.119,thansond@sina.com.cn
Judith,Alvarez,219.152.155.43,jalvareze@nps.gov
Lillian,Woods,57.138.49.87,lwoodsf@msu.edu
Howard,Cox,29.223.85.94,hcoxg@washington.edu
Virginia,Lynch,224.153.125.155,vlynchh@surveymonkey.com
Alan,Jones,76.69.121.152,ajonesi@pen.io
Marilyn,Mason,36.89.189.61,mmasonj@yelp.com
Martha,Perez,85.28.180.112,mperezk@blog.com
