first_name,last_name,email
Ruby,Garza,rgarza0@webs.com
Aaron,Elliott,aelliott1@bing.com
Justin,White,jwhite2@digg.com
Kathy,Greene,kgreene3@wunderground.com
Brenda,Edwards,bedwards4@dmoz.org
Robert,Cole,rcole5@who.int
Frank,Hawkins,fhawkins6@jimdo.com
Ralph,Clark,rclark7@geocities.com
Victor,Hawkins,vhawkins8@cnn.com
Cheryl,Wagner,cwagner9@wp.com
Wanda,Gray,wgraya@google.com.hk
Bobby,Armstrong,barmstrongb@topsy.com
Willie,Williamson,wwilliamsonc@phpbb.com
Timothy,Hanson,thansond@sina.com.cn
Judith,Alvarez,jalvareze@nps.gov
Lillian,Woods,lwoodsf@msu.edu
Howard,Cox,hcoxg@washington.edu
Virginia,Lynch,vlynchh@surveymonkey.com
Alan,Jones,ajonesi@pen.io
Marilyn,Mason,mmasonj@yelp.com
Martha,Perez,mperezk@blog.com
Kenneth,Gonzalez,kgonzalezl@google.nl
Denise,Boyd,dboydm@taobao.com
Bonnie,Warren,bwarrenn@jiathis.com
Joyce,Murray,jmurrayo@berkeley.edu
Frank,Burns,fburnsp@cbc.ca
Christine,Garza,cgarzaq@facebook.com
Stephen,Stewart,sstewartr@aol.com
Marie,Clark,mclarks@creativecommons.org
Lois,Evans,levanst@cargocollective.com
Alan,Watkins,awatkinsu@dot.gov
Gregory,Alvarez,galvarezv@addthis.com
Howard,Hunt,hhuntw@mayoclinic.com
Kevin,Dixon,kdixonx@salon.com
Sara,Fox,sfoxy@sogou.com
John,Sanchez,jsanchezz@goodreads.com
Jessica,King,jking10@sciencedirect.com
Jerry,Arnold,jarnold11@amazon.co.uk
Clarence,Fox,cfox12@rambler.ru
Philip,Jones,pjones13@china.com.cn
Emily,Young,eyoung14@independent.co.uk
Annie,Mills,amills15@artisteer.com
Gerald,Wallace,gwallace16@cbslocal.com
Kathryn,Taylor,ktaylor17@biblegateway.com
Michael,Harrison,mharrison18@e-recht24.de
Phyllis,Miller,pmiller19@live.com
Kelly,Webb,kwebb1a@tripadvisor.com
Billy,Gardner,bgardner1b@vinaora.com
Joe,Morrison,jmorrison1c@dropbox.com
Matthew,Gibson,mgibson1d@omniture.com
Patricia,Bishop,pbishop1e@e-recht24.de
Sandra,Grant,sgrant1f@un.org
Anna,Hawkins,ahawkins1g@discovery.com
Robin,Turner,rturner1h@abc.net.au
Julie,Sanchez,jsanchez1i@skyrock.com
Norma,Howell,nhowell1j@gov.uk
Elizabeth,Washington,ewashington1k@toplist.cz
Virginia,Palmer,vpalmer1l@hud.gov
Christine,Carpenter,ccarpenter1m@studiopress.com
Pamela,Lynch,plynch1n@com.com
Martha,Stone,mstone1o@blinklist.com
Rose,Cunningham,rcunningham1p@dailymotion.com
Gary,Reid,greid1q@homestead.com
Sarah,Reed,sreed1r@blogs.com
Jack,Hall,jhall1s@si.edu
Kathryn,Richardson,krichardson1t@baidu.com
Gloria,Stone,gstone1u@e-recht24.de
Jose,Rice,jrice1v@netscape.com
Ann,Green,agreen1w@gravatar.com
Donna,Holmes,dholmes1x@slashdot.org
Sharon,Roberts,sroberts1y@biglobe.ne.jp
Gregory,Mcdonald,gmcdonald1z@diigo.com
Eric,Shaw,eshaw20@reverbnation.com
Peter,Lewis,plewis21@springer.com
Jessica,Warren,jwarren22@blogspot.com
Jessica,Mcdonald,jmcdonald23@answers.com
Rachel,Cook,rcook24@imdb.com
Philip,Hernandez,phernandez25@mlb.com
Deborah,Marshall,dmarshall26@bloglovin.com
Thomas,Bishop,tbishop27@yahoo.co.jp
Annie,Grant,agrant28@ed.gov
Sara,Welch,swelch29@wp.com
Paula,Scott,pscott2a@netscape.com
Eugene,Weaver,eweaver2b@squidoo.com
Ruth,Wheeler,rwheeler2c@merriam-webster.com
Patricia,Bradley,pbradley2d@fotki.com
Justin,Alexander,jalexander2e@forbes.com
Ronald,Lynch,rlynch2f@virginia.edu
Carl,Frazier,cfrazier2g@meetup.com
Laura,Nguyen,lnguyen2h@blogtalkradio.com
Shawn,Sims,ssims2i@constantcontact.com
Billy,Burton,bburton2j@mozilla.org
Judy,Bishop,jbishop2k@msu.edu
Katherine,Stone,kstone2l@jugem.jp
Brian,Wright,bwright2m@bravesites.com
Dennis,Kelly,dkelly2n@adobe.com
Sharon,Foster,sfoster2o@mayoclinic.com
Kathleen,Moore,kmoore2p@icio.us
Norma,Palmer,npalmer2q@chron.com
Rachel,Welch,rwelch2r@usgs.gov
Marie,Hughes,mhughes2s@psu.edu
Rachel,Olson,rolson2t@biblegateway.com
Jessica,Spencer,jspencer2u@networksolutions.com
Marilyn,Henderson,mhenderson2v@utexas.edu
Shawn,Bowman,sbowman2w@shinystat.com
Jessica,Hanson,jhanson2x@typepad.com
Shirley,Stanley,sstanley2y@domainmarket.com
Larry,Tucker,ltucker2z@squidoo.com
Tina,Mccoy,tmccoy30@dropbox.com
Susan,Hughes,shughes31@mozilla.com
Cheryl,Bradley,cbradley32@vimeo.com
George,Butler,gbutler33@technorati.com
Stephen,Austin,saustin34@1688.com
Ryan,Cox,rcox35@unc.edu
Anthony,Bryant,abryant36@blogspot.com
Shawn,Gutierrez,sgutierrez37@marriott.com
Jose,Weaver,jweaver38@microsoft.com
Richard,Olson,rolson39@etsy.com
Christopher,Shaw,cshaw3a@ed.gov
Kathryn,Carr,kcarr3b@hud.gov
Frances,Schmidt,fschmidt3c@blogger.com
George,Ramirez,gramirez3d@dyndns.org
Susan,Gibson,sgibson3e@goo.ne.jp
Ryan,Roberts,rroberts3f@google.es
Anna,Gibson,agibson3g@nifty.com
Pamela,Morris,pmorris3h@irs.gov
Linda,Lawson,llawson3i@sbwire.com
Kathryn,Howell,khowell3j@nps.gov
Mildred,Gibson,mgibson3k@hud.gov
Craig,Lawson,clawson3l@sitemeter.com
Samuel,Watson,swatson3m@networkadvertising.org
Jason,Nichols,jnichols3n@ning.com
Juan,Gilbert,jgilbert3o@xing.com
Aaron,Berry,aberry3p@nydailynews.com
Irene,Gardner,igardner3q@loc.gov
Joe,Powell,jpowell3r@wikispaces.com
Karen,Barnes,kbarnes3s@sina.com.cn
Joyce,Ross,jross3t@ebay.com
Terry,Turner,tturner3u@google.es
Louis,Banks,lbanks3v@desdev.cn
Bobby,Howell,bhowell3w@themeforest.net
Bonnie,Gibson,bgibson3x@techcrunch.com
Jane,Robertson,jrobertson3y@rediff.com
Jacqueline,Hill,jhill3z@columbia.edu
Peter,Harris,pharris40@exblog.jp
Jack,Russell,jrussell41@tamu.edu
Jeremy,Mills,jmills42@apache.org
Julia,Cole,jcole43@meetup.com
Kathy,Lynch,klynch44@over-blog.com
Susan,Richards,srichards45@adobe.com
Howard,Woods,hwoods46@scientificamerican.com
Fred,Jenkins,fjenkins47@skype.com
Marie,Weaver,mweaver48@psu.edu
Michael,Washington,mwashington49@qq.com
Martin,Frazier,mfrazier4a@chicagotribune.com
Sarah,Roberts,sroberts4b@zimbio.com
Frank,Fernandez,ffernandez4c@printfriendly.com
Ralph,Martin,rmartin4d@weebly.com
Maria,Ellis,mellis4e@dion.ne.jp
Christopher,Ross,cross4f@netlog.com
George,Perez,gperez4g@free.fr
Harold,Hicks,hhicks4h@4shared.com
Carl,Rose,crose4i@businessweek.com
Ashley,Campbell,acampbell4j@qq.com
Nancy,Little,nlittle4k@cbsnews.com
Lisa,Barnes,lbarnes4l@posterous.com
Susan,Powell,spowell4m@e-recht24.de
Eugene,Freeman,efreeman4n@psu.edu
Kenneth,Holmes,kholmes4o@sina.com.cn
Steve,Fisher,sfisher4p@newsvine.com
Larry,Stone,lstone4q@prweb.com
Anna,George,ageorge4r@twitpic.com
Judy,Long,jlong4s@usda.gov
Howard,Dixon,hdixon4t@qq.com
Alan,Howell,ahowell4u@xrea.com
Laura,Adams,ladams4v@weather.com
Jose,Collins,jcollins4w@wikimedia.org
Victor,Mcdonald,vmcdonald4x@wikia.com
Heather,Johnston,hjohnston4y@globo.com
Jose,Arnold,jarnold4z@google.es
Scott,Collins,scollins50@theguardian.com
Fred,Stone,fstone51@redcross.org
Catherine,Watkins,cwatkins52@cloudflare.com
Douglas,Kelley,dkelley53@cbslocal.com
Victor,Frazier,vfrazier54@networkadvertising.org
Joshua,Hicks,jhicks55@sciencedirect.com
Martin,Grant,mgrant56@amazonaws.com
David,Reed,dreed57@tinypic.com
Harold,Ross,hross58@cisco.com
Wayne,Gonzales,wgonzales59@wsj.com
Janet,Kim,jkim5a@umich.edu
Carolyn,Thomas,cthomas5b@statcounter.com
Lillian,Wheeler,lwheeler5c@trellian.com
Irene,Dean,idean5d@so-net.ne.jp
Julie,Thompson,jthompson5e@myspace.com
James,Harper,jharper5f@tmall.com
Walter,Lawrence,wlawrence5g@opensource.org
Sean,Carroll,scarroll5h@hibu.com
Christina,Davis,cdavis5i@flickr.com
George,Parker,gparker5j@wordpress.org
Jeremy,Thompson,jthompson5k@e-recht24.de
Jesse,Morgan,jmorgan5l@cdc.gov
Alan,Webb,awebb5m@wsj.com
Mark,Jenkins,mjenkins5n@psu.edu
Carol,Gutierrez,cgutierrez5o@amazon.co.uk
Maria,Young,myoung5p@yahoo.com
Gary,Banks,gbanks5q@umn.edu
James,Barnes,jbarnes5r@paypal.com
Russell,Reid,rreid5s@flickr.com
Jonathan,Ramirez,jramirez5t@ezinearticles.com
Sharon,Chavez,schavez5u@angelfire.com
Kathy,Bailey,kbailey5v@prnewswire.com
Johnny,Cruz,jcruz5w@cbsnews.com
Larry,Garcia,lgarcia5x@amazon.co.uk
Harry,Medina,hmedina5y@sitemeter.com
Jack,Riley,jriley5z@google.ru
Angela,Riley,ariley60@example.com
Andrew,Ford,aford61@census.gov
Judith,Chavez,jchavez62@reference.com
Emily,Powell,epowell63@is.gd
Clarence,Stewart,cstewart64@webmd.com
Evelyn,Brown,ebrown65@cornell.edu
William,Shaw,wshaw66@blogs.com
Shirley,Ellis,sellis67@shareasale.com
Ernest,Harvey,eharvey68@utexas.edu
Peter,Boyd,pboyd69@flickr.com
Sandra,Wright,swright6a@earthlink.net
Bruce,Snyder,bsnyder6b@icio.us
Carl,Fuller,cfuller6c@ehow.com
Raymond,Gardner,rgardner6d@senate.gov
Laura,Black,lblack6e@tamu.edu
Marie,Anderson,manderson6f@netscape.com
Kevin,Phillips,kphillips6g@google.cn
Christina,Hart,chart6h@spiegel.de
Daniel,Burke,dburke6i@domainmarket.com
Douglas,Kelly,dkelly6j@slate.com
Christina,Mills,cmills6k@sogou.com
Jesse,Alexander,jalexander6l@blog.com
Jerry,Stanley,jstanley6m@yellowbook.com
Irene,Long,ilong6n@redcross.org
Melissa,Bradley,mbradley6o@amazon.co.jp
Denise,Mendoza,dmendoza6p@umn.edu
Michelle,Bishop,mbishop6q@fda.gov
Juan,Ferguson,jferguson6r@bing.com
Teresa,Medina,tmedina6s@alibaba.com
Terry,Kelly,tkelly6t@twitpic.com
Brenda,Boyd,bboyd6u@theguardian.com
Judith,Greene,jgreene6v@dell.com
John,Meyer,jmeyer6w@time.com
Anna,Johnston,ajohnston6x@themeforest.net
Bonnie,Gray,bgray6y@istockphoto.com
Louise,Lane,llane6z@studiopress.com
John,Ward,jward70@typepad.com
Bonnie,Hansen,bhansen71@vkontakte.ru
Ashley,Butler,abutler72@hexun.com
Martha,Spencer,mspencer73@telegraph.co.uk
Jeremy,Greene,jgreene74@ehow.com
Dorothy,Parker,dparker75@csmonitor.com
Virginia,Moreno,vmoreno76@fema.gov
Karen,Meyer,kmeyer77@yolasite.com
Alice,Hughes,ahughes78@ehow.com
Thomas,Rogers,trogers79@surveymonkey.com
Jeremy,Willis,jwillis7a@php.net
Lois,Howard,lhoward7b@nydailynews.com
Harold,Mills,hmills7c@huffingtonpost.com
Ann,Lopez,alopez7d@wp.com
Kelly,Gomez,kgomez7e@123-reg.co.uk
Shirley,Brown,sbrown7f@shareasale.com
Jimmy,Thomas,jthomas7g@mit.edu
Marie,Palmer,mpalmer7h@theatlantic.com
George,Kim,gkim7i@independent.co.uk
Shawn,Harris,sharris7j@imgur.com
Carlos,Hamilton,chamilton7k@themeforest.net
Brenda,Frazier,bfrazier7l@adobe.com
Joan,Fields,jfields7m@meetup.com
Todd,Graham,tgraham7n@msn.com
Aaron,Rivera,arivera7o@elegantthemes.com
Martha,Weaver,mweaver7p@amazonaws.com
Jimmy,Hall,jhall7q@ox.ac.uk
Clarence,Ortiz,cortiz7r@uol.com.br
Janet,Ford,jford7s@timesonline.co.uk
Jose,Burke,jburke7t@tripadvisor.com
Maria,Armstrong,marmstrong7u@scribd.com
Michael,Lopez,mlopez7v@berkeley.edu
Joe,Kennedy,jkennedy7w@howstuffworks.com
Benjamin,Gomez,bgomez7x@studiopress.com
Robin,George,rgeorge7y@multiply.com
Sandra,Cook,scook7z@cnbc.com
Stephen,Burns,sburns80@google.com.br
Martha,Ortiz,mortiz81@ask.com
Lori,Howard,lhoward82@ucsd.edu
Howard,Castillo,hcastillo83@timesonline.co.uk
Christina,James,cjames84@census.gov
Robin,Richardson,rrichardson85@csmonitor.com
Randy,Robinson,rrobinson86@pinterest.com
Kelly,Spencer,kspencer87@webeden.co.uk
Julie,Dean,jdean88@who.int
Teresa,Berry,tberry89@technorati.com
Craig,Hudson,chudson8a@imdb.com
Gerald,Wheeler,gwheeler8b@narod.ru
John,Price,jprice8c@issuu.com
Mildred,Fields,mfields8d@cdc.gov
Donald,Morrison,dmorrison8e@t.co
Ann,Jordan,ajordan8f@delicious.com
Carolyn,Hill,chill8g@goodreads.com
Robin,Baker,rbaker8h@mozilla.org
Diane,Warren,dwarren8i@msu.edu
Chris,Gordon,cgordon8j@youtu.be
Steve,Montgomery,smontgomery8k@ameblo.jp
Betty,Welch,bwelch8l@unc.edu
Jack,Burns,jburns8m@eventbrite.com
Andrew,Martinez,amartinez8n@quantcast.com
Jimmy,Kelly,jkelly8o@nytimes.com
Antonio,Hall,ahall8p@e-recht24.de
Phillip,Perez,pperez8q@xing.com
Judy,Foster,jfoster8r@theglobeandmail.com
Charles,Stanley,cstanley8s@technorati.com
Jane,Diaz,jdiaz8t@telegraph.co.uk
Johnny,Graham,jgraham8u@paypal.com
Kathryn,Rice,krice8v@nbcnews.com
Brian,Phillips,bphillips8w@unblog.fr
Christine,Bailey,cbailey8x@pen.io
Bobby,Gonzales,bgonzales8y@devhub.com
Paul,Sanders,psanders8z@example.com
Janice,Rice,jrice90@eepurl.com
Daniel,Cox,dcox91@facebook.com
Juan,Fox,jfox92@studiopress.com
Joshua,Daniels,jdaniels93@zdnet.com
Kathy,Alexander,kalexander94@fda.gov
Ronald,Carpenter,rcarpenter95@instagram.com
Laura,Morgan,lmorgan96@miitbeian.gov.cn
Bonnie,Perez,bperez97@engadget.com
David,Gilbert,dgilbert98@gov.uk
Benjamin,Owens,bowens99@paypal.com
Julia,Dean,jdean9a@printfriendly.com
Michael,Baker,mbaker9b@amazonaws.com
Lisa,Little,llittle9c@msu.edu
Randy,Burns,rburns9d@telegraph.co.uk
Brenda,Collins,bcollins9e@cnn.com
Evelyn,Hayes,ehayes9f@altervista.org
Joseph,Duncan,jduncan9g@ed.gov
Carol,Webb,cwebb9h@newyorker.com
Kelly,Rice,krice9i@goodreads.com
Justin,Smith,jsmith9j@macromedia.com
Jack,Carroll,jcarroll9k@flavors.me
Joe,Duncan,jduncan9l@amazon.co.jp
Roy,Hernandez,rhernandez9m@ning.com
Patricia,Frazier,pfrazier9n@bluehost.com
Karen,Harvey,kharvey9o@xing.com
Anthony,West,awest9p@engadget.com
Louise,Hunter,lhunter9q@friendfeed.com
Mark,Mitchell,mmitchell9r@yale.edu
Ralph,Phillips,rphillips9s@exblog.jp
Martin,Campbell,mcampbell9t@seesaa.net
Billy,Kennedy,bkennedy9u@omniture.com
Judy,Lewis,jlewis9v@skype.com
Brandon,Simpson,bsimpson9w@parallels.com
Patricia,Dixon,pdixon9x@amazon.com
Diane,Gonzales,dgonzales9y@usgs.gov
Benjamin,Wilson,bwilson9z@tinyurl.com
Debra,Reed,dreeda0@jigsy.com
Ralph,Crawford,rcrawforda1@live.com
Ryan,Alvarez,ralvareza2@oracle.com
Amy,Ford,aforda3@foxnews.com
Christopher,Hill,chilla4@geocities.jp
Charles,Graham,cgrahama5@stumbleupon.com
Benjamin,Fox,bfoxa6@tuttocitta.it
Ashley,Nichols,anicholsa7@ifeng.com
Lisa,Lopez,llopeza8@archive.org
Barbara,Lane,blanea9@yellowpages.com
Joe,Hernandez,jhernandezaa@trellian.com
Irene,Ferguson,ifergusonab@hibu.com
Linda,Russell,lrussellac@fda.gov
Eric,Greene,egreenead@cornell.edu
Rebecca,Taylor,rtaylorae@github.io
Laura,Richards,lrichardsaf@wiley.com
Jane,Andrews,jandrewsag@princeton.edu
Willie,Mendoza,wmendozaah@google.com.br
Adam,Gibson,agibsonai@gmpg.org
Martin,Warren,mwarrenaj@netscape.com
Alan,Morales,amoralesak@gravatar.com
Charles,Richardson,crichardsonal@irs.gov
Victor,Allen,vallenam@wunderground.com
Martin,Ray,mrayan@tumblr.com
Joe,Hamilton,jhamiltonao@canalblog.com
Denise,Taylor,dtaylorap@abc.net.au
Jesse,Hawkins,jhawkinsaq@dell.com
Marilyn,Myers,mmyersar@linkedin.com
Bonnie,Bailey,bbaileyas@instagram.com
Terry,Dean,tdeanat@naver.com
Mildred,Patterson,mpattersonau@unblog.fr
George,Hawkins,ghawkinsav@yolasite.com
Howard,Marshall,hmarshallaw@google.co.jp
Katherine,Jackson,kjacksonax@github.io
Maria,Black,mblackay@bigcartel.com
Lisa,Ramirez,lramirezaz@oaic.gov.au
Gregory,Hudson,ghudsonb0@bigcartel.com
Howard,Rice,hriceb1@google.co.uk
Benjamin,Elliott,belliottb2@i2i.jp
Kelly,Hansen,khansenb3@chron.com
Sandra,Lopez,slopezb4@wiley.com
Clarence,Riley,crileyb5@epa.gov
Joseph,Jackson,jjacksonb6@sun.com
Eric,Wood,ewoodb7@ebay.co.uk
Amanda,Marshall,amarshallb8@stumbleupon.com
Martha,Alvarez,malvarezb9@ihg.com
Joshua,Welch,jwelchba@dailymail.co.uk
William,Diaz,wdiazbb@boston.com
Aaron,Hart,ahartbc@paypal.com
Deborah,Alvarez,dalvarezbd@soundcloud.com
Lois,Harris,lharrisbe@abc.net.au
Ruth,Stone,rstonebf@instagram.com
Jane,Fields,jfieldsbg@un.org
Anthony,Burton,aburtonbh@ycombinator.com
Timothy,Carr,tcarrbi@tiny.cc
Jacqueline,Hayes,jhayesbj@toplist.cz
Jerry,Holmes,jholmesbk@seesaa.net
Anne,Harris,aharrisbl@free.fr
Bobby,Dunn,bdunnbm@chicagotribune.com
Patricia,Campbell,pcampbellbn@youtu.be
Rebecca,Carr,rcarrbo@newsvine.com
Juan,Burke,jburkebp@theglobeandmail.com
Carl,Parker,cparkerbq@tiny.cc
Patrick,Wallace,pwallacebr@twitpic.com
Barbara,Bryant,bbryantbs@baidu.com
Gloria,Bennett,gbennettbt@ebay.com
Philip,Hayes,phayesbu@mlb.com
Roger,Webb,rwebbbv@utexas.edu
Joe,James,jjamesbw@state.gov
Janet,Diaz,jdiazbx@scientificamerican.com
Clarence,Mills,cmillsby@google.de
Harold,Andrews,handrewsbz@sfgate.com
Adam,Rivera,ariverac0@csmonitor.com
Anthony,Grant,agrantc1@merriam-webster.com
Stephen,Hill,shillc2@noaa.gov
Ryan,Baker,rbakerc3@woothemes.com
Thomas,Rogers,trogersc4@amazon.com
Tammy,Roberts,trobertsc5@friendfeed.com
Eric,Burke,eburkec6@webmd.com
Gloria,West,gwestc7@sina.com.cn
Randy,Spencer,rspencerc8@reverbnation.com
Antonio,King,akingc9@tinypic.com
Janice,Bowman,jbowmanca@topsy.com
Todd,Gonzalez,tgonzalezcb@house.gov
Stephen,Edwards,sedwardscc@nytimes.com
Joan,Rogers,jrogerscd@economist.com
Diana,Cox,dcoxce@dion.ne.jp
Andrea,Lynch,alynchcf@wikipedia.org
Emily,Kim,ekimcg@g.co
Tina,Day,tdaych@google.cn
Patrick,Morris,pmorrisci@linkedin.com
Matthew,James,mjamescj@arstechnica.com
Douglas,Jackson,djacksonck@bizjournals.com
Rose,Williamson,rwilliamsoncl@china.com.cn
Roger,Carter,rcartercm@fotki.com
Maria,Cook,mcookcn@flickr.com
Howard,Larson,hlarsonco@cnet.com
Donna,Gordon,dgordoncp@ucla.edu
Mildred,Coleman,mcolemancq@sogou.com
Janice,Collins,jcollinscr@php.net
Gloria,Cole,gcolecs@accuweather.com
Anne,Rose,arosect@zdnet.com
Jose,Bell,jbellcu@domainmarket.com
Margaret,Burke,mburkecv@sciencedaily.com
Helen,Hunt,hhuntcw@squidoo.com
Kelly,Fowler,kfowlercx@army.mil
Eric,Campbell,ecampbellcy@fc2.com
Martin,Howell,mhowellcz@businessweek.com
Andrea,Holmes,aholmesd0@weather.com
Marie,Harper,mharperd1@wsj.com
Susan,Barnes,sbarnesd2@kickstarter.com
Edward,Nelson,enelsond3@cafepress.com
Joan,Holmes,jholmesd4@usgs.gov
Patricia,Larson,plarsond5@youku.com
Kathy,White,kwhited6@imageshack.us
Amy,Allen,aallend7@nyu.edu
Lois,Kelley,lkelleyd8@imdb.com
Jean,Ray,jrayd9@marketwatch.com
Earl,Welch,ewelchda@nbcnews.com
Dennis,Stewart,dstewartdb@ameblo.jp
Christopher,Thompson,cthompsondc@sina.com.cn
Alice,Ward,awarddd@yahoo.com
Lillian,Miller,lmillerde@seattletimes.com
Kathleen,Snyder,ksnyderdf@slashdot.org
Patricia,Ryan,pryandg@google.nl
Tina,Evans,tevansdh@themeforest.net
Frank,Miller,fmillerdi@smugmug.com
Frances,Spencer,fspencerdj@creativecommons.org
Anne,Watkins,awatkinsdk@patch.com
Sara,Rice,sricedl@rakuten.co.jp
Sara,Hunter,shunterdm@blog.com
George,Olson,golsondn@list-manage.com
Marilyn,Robinson,mrobinsondo@homestead.com
Donna,Arnold,darnolddp@purevolume.com
Frank,Chavez,fchavezdq@weibo.com
Harold,Fox,hfoxdr@eventbrite.com
Brandon,Burns,bburnsds@vimeo.com
Donald,Hamilton,dhamiltondt@freewebs.com
Teresa,Hughes,thughesdu@reference.com
Benjamin,Gray,bgraydv@shop-pro.jp
Ronald,Frazier,rfrazierdw@home.pl
Lillian,Reynolds,lreynoldsdx@about.com
John,Hayes,jhayesdy@fotki.com
Judy,Fox,jfoxdz@de.vu
Martha,Patterson,mpattersone0@scribd.com
Catherine,Burton,cburtone1@wikimedia.org
Louise,Harvey,lharveye2@delicious.com
Sharon,Gordon,sgordone3@shutterfly.com
Virginia,Lawson,vlawsone4@taobao.com
Thomas,Parker,tparkere5@mashable.com
Ernest,West,eweste6@shutterfly.com
Clarence,Knight,cknighte7@acquirethisname.com
Shawn,Peters,speterse8@ihg.com
Susan,Sullivan,ssullivane9@oakley.com
Brian,Coleman,bcolemanea@latimes.com
Gary,Powell,gpowelleb@elpais.com
Sara,Oliver,soliverec@msu.edu
Christine,Fisher,cfishered@hexun.com
Evelyn,George,egeorgeee@mtv.com
Phillip,Porter,pporteref@marriott.com
Catherine,Garcia,cgarciaeg@typepad.com
Earl,Fox,efoxeh@answers.com
Gloria,Chapman,gchapmanei@sbwire.com
Gerald,Watson,gwatsonej@gravatar.com
Robin,Watson,rwatsonek@jalbum.net
Julia,Peterson,jpetersonel@live.com
Laura,Jordan,ljordanem@soup.io
Sharon,Henry,shenryen@nba.com
Johnny,Alexander,jalexandereo@ed.gov
Amanda,Spencer,aspencerep@sfgate.com
Eric,Willis,ewilliseq@utexas.edu
Joan,Larson,jlarsoner@nymag.com
Virginia,Perez,vperezes@so-net.ne.jp
Rachel,Boyd,rboydet@sina.com.cn
Carol,Snyder,csnydereu@paypal.com
Helen,Wright,hwrightev@who.int
Robin,Lynch,rlynchew@jalbum.net
Christine,Thompson,cthompsonex@oakley.com
Joshua,Hawkins,jhawkinsey@com.com
Ashley,Boyd,aboydez@twitpic.com
Kathy,Sullivan,ksullivanf0@fotki.com
Rachel,Moore,rmooref1@seesaa.net
Phillip,Gomez,pgomezf2@craigslist.org
Beverly,Sims,bsimsf3@independent.co.uk
Gary,Austin,gaustinf4@engadget.com
Albert,Thomas,athomasf5@indiegogo.com
Jerry,Johnston,jjohnstonf6@pbs.org
Roy,Dixon,rdixonf7@networksolutions.com
Denise,Peters,dpetersf8@opera.com
Thomas,Harris,tharrisf9@un.org
Sarah,Sims,ssimsfa@so-net.ne.jp
Christine,Henderson,chendersonfb@opera.com
Daniel,Hall,dhallfc@slate.com
Albert,Moore,amoorefd@slashdot.org
Jacqueline,Harvey,jharveyfe@hao123.com
Jason,Davis,jdavisff@aol.com
Charles,Gonzalez,cgonzalezfg@github.io
Nicholas,Freeman,nfreemanfh@vk.com
Chris,George,cgeorgefi@geocities.com
Anthony,Morris,amorrisfj@flickr.com
Shirley,Marshall,smarshallfk@hud.gov
Jeremy,Brown,jbrownfl@domainmarket.com
Jessica,Gomez,jgomezfm@hubpages.com
Cynthia,Mason,cmasonfn@springer.com
Craig,Johnson,cjohnsonfo@sohu.com
Steve,Shaw,sshawfp@cbslocal.com
Virginia,Morgan,vmorganfq@springer.com
Victor,Frazier,vfrazierfr@lulu.com
Howard,Morris,hmorrisfs@nbcnews.com
Sarah,Holmes,sholmesft@ft.com
Antonio,Kelley,akelleyfu@typepad.com
Donald,Jacobs,djacobsfv@amazonaws.com
Phyllis,Castillo,pcastillofw@squidoo.com
Lois,Holmes,lholmesfx@newsvine.com
Linda,Mason,lmasonfy@umn.edu
Nicole,Fernandez,nfernandezfz@goo.ne.jp
Sara,Richardson,srichardsong0@google.com
Phillip,Williamson,pwilliamsong1@twitter.com
Victor,Alvarez,valvarezg2@apple.com
Benjamin,Hanson,bhansong3@alibaba.com
Rose,Riley,rrileyg4@va.gov
Kevin,Burke,kburkeg5@studiopress.com
Howard,Freeman,hfreemang6@samsung.com
Albert,Daniels,adanielsg7@mail.ru
Ruth,Crawford,rcrawfordg8@chron.com
Christine,Russell,crussellg9@psu.edu
Wayne,Robinson,wrobinsonga@opensource.org
Frank,Hill,fhillgb@columbia.edu
Christina,Hansen,chansengc@reverbnation.com
Joe,Banks,jbanksgd@pbs.org
Phyllis,Watson,pwatsonge@telegraph.co.uk
Tammy,Kennedy,tkennedygf@pbs.org
Jeremy,Hill,jhillgg@prweb.com
Shawn,Fernandez,sfernandezgh@blog.com
Denise,Bailey,dbaileygi@webeden.co.uk
Lillian,Gonzalez,lgonzalezgj@samsung.com
Helen,Scott,hscottgk@mlb.com
David,Johnson,djohnsongl@phoca.cz
Kimberly,Barnes,kbarnesgm@state.tx.us
Judy,Henderson,jhendersongn@discovery.com
Douglas,Reyes,dreyesgo@cbc.ca
Sharon,Burton,sburtongp@pbs.org
Joan,Graham,jgrahamgq@wired.com
Jack,Carr,jcarrgr@un.org
Paul,James,pjamesgs@nationalgeographic.com
Alice,Mendoza,amendozagt@google.de
Tina,Welch,twelchgu@cpanel.net
Roger,Bradley,rbradleygv@stanford.edu
Phillip,Porter,pportergw@walmart.com
Benjamin,Matthews,bmatthewsgx@skype.com
Marilyn,Schmidt,mschmidtgy@tuttocitta.it
Tammy,Stanley,tstanleygz@prnewswire.com
Jean,George,jgeorgeh0@cafepress.com
Pamela,Tucker,ptuckerh1@huffingtonpost.com
Anna,Woods,awoodsh2@ftc.gov
Roy,Roberts,rrobertsh3@ft.com
Alice,Ross,arossh4@zdnet.com
Douglas,Sullivan,dsullivanh5@webmd.com
Timothy,Lynch,tlynchh6@mtv.com
Daniel,Ross,drossh7@reference.com
Eric,Hunter,ehunterh8@vistaprint.com
Katherine,Montgomery,kmontgomeryh9@who.int
Steve,Snyder,ssnyderha@stanford.edu
Shawn,Kennedy,skennedyhb@plala.or.jp
Helen,Ryan,hryanhc@usda.gov
Ann,Hart,aharthd@yahoo.com
Virginia,White,vwhitehe@yale.edu
Carol,Perkins,cperkinshf@pagesperso-orange.fr
Irene,Brooks,ibrookshg@purevolume.com
Betty,Carter,bcarterhh@github.io
Benjamin,Anderson,bandersonhi@xing.com
Joyce,Mitchell,jmitchellhj@adobe.com
Harry,Lawrence,hlawrencehk@wufoo.com
Gloria,Kelley,gkelleyhl@dedecms.com
Joyce,Morrison,jmorrisonhm@omniture.com
Keith,Hernandez,khernandezhn@java.com
Patrick,Jackson,pjacksonho@webnode.com
Charles,Romero,cromerohp@wikispaces.com
John,Watkins,jwatkinshq@unesco.org
Charles,Vasquez,cvasquezhr@forbes.com
Patricia,Perry,pperryhs@squarespace.com
Christina,Campbell,ccampbellht@privacy.gov.au
Howard,Grant,hgranthu@pbs.org
Catherine,Gray,cgrayhv@163.com
Debra,George,dgeorgehw@adobe.com
Ashley,Duncan,aduncanhx@vimeo.com
Marilyn,Reyes,mreyeshy@time.com
Henry,Carter,hcarterhz@storify.com
Harold,Porter,hporteri0@networksolutions.com
Ann,Smith,asmithi1@upenn.edu
Matthew,Miller,mmilleri2@comsenz.com
Stephen,Lee,sleei3@wikia.com
Judy,Wagner,jwagneri4@constantcontact.com
Steven,Lee,sleei5@smh.com.au
Beverly,Smith,bsmithi6@nydailynews.com
Roger,Perry,rperryi7@diigo.com
Brian,Willis,bwillisi8@yahoo.co.jp
James,Freeman,jfreemani9@time.com
Christopher,Hughes,chughesia@nature.com
Rebecca,Powell,rpowellib@hugedomains.com
Judy,Washington,jwashingtonic@nifty.com
Brandon,Williams,bwilliamsid@slideshare.net
Brian,Ruiz,bruizie@geocities.jp
Nancy,Olson,nolsonif@samsung.com
Christine,Turner,cturnerig@sitemeter.com
Dennis,Dixon,ddixonih@dot.gov
Kathy,Perez,kperezii@github.io
Pamela,Hill,phillij@a8.net
Patrick,Williamson,pwilliamsonik@umich.edu
Dennis,King,dkingil@pcworld.com
Ronald,Stone,rstoneim@phoca.cz
Joyce,Murray,jmurrayin@miitbeian.gov.cn
Stephen,Carter,scarterio@skype.com
Patricia,Hill,phillip@purevolume.com
Christina,Howell,chowelliq@a8.net
Dennis,Ramos,dramosir@salon.com
Charles,Coleman,ccolemanis@stumbleupon.com
Jane,Thomas,jthomasit@posterous.com
Jeffrey,Gray,jgrayiu@nydailynews.com
Andrea,Bell,abelliv@ning.com
Evelyn,Russell,erusselliw@bluehost.com
Andrea,Robinson,arobinsonix@jiathis.com
Stephen,West,swestiy@cdc.gov
Brian,White,bwhiteiz@chronoengine.com
Ryan,Spencer,rspencerj0@yolasite.com
Pamela,Crawford,pcrawfordj1@purevolume.com
Brian,Harrison,bharrisonj2@cyberchimps.com
Susan,Hawkins,shawkinsj3@mlb.com
Christopher,Rose,crosej4@dmoz.org
Martin,Nichols,mnicholsj5@google.com.br
Elizabeth,Wallace,ewallacej6@sakura.ne.jp
Sean,George,sgeorgej7@ucoz.com
Jeffrey,Williamson,jwilliamsonj8@ehow.com
Judith,Dunn,jdunnj9@spiegel.de
Annie,Ramirez,aramirezja@clickbank.net
Gregory,Kelley,gkelleyjb@privacy.gov.au
Philip,Phillips,pphillipsjc@163.com
John,Griffin,jgriffinjd@techcrunch.com
Ruth,Mccoy,rmccoyje@nature.com
Justin,Thompson,jthompsonjf@wikispaces.com
Harold,Foster,hfosterjg@noaa.gov
Russell,Clark,rclarkjh@comcast.net
Mark,Brown,mbrownji@geocities.jp
Pamela,Henry,phenryjj@virginia.edu
Carolyn,Morales,cmoralesjk@irs.gov
Chris,Rivera,criverajl@gov.uk
Steve,Crawford,scrawfordjm@go.com
Bobby,Lynch,blynchjn@flavors.me
Judith,Payne,jpaynejo@skyrock.com
Roger,Nguyen,rnguyenjp@archive.org
Dennis,Phillips,dphillipsjq@lycos.com
Mildred,Hughes,mhughesjr@bloglines.com
Theresa,Ray,trayjs@reuters.com
Julie,Brown,jbrownjt@rakuten.co.jp
Nicole,Brown,nbrownju@pagesperso-orange.fr
Sara,Martinez,smartinezjv@sourceforge.net
Jacqueline,Wilson,jwilsonjw@umn.edu
Justin,Long,jlongjx@slashdot.org
Anthony,Reynolds,areynoldsjy@163.com
Virginia,Franklin,vfranklinjz@ox.ac.uk
Shawn,Wheeler,swheelerk0@uiuc.edu
Joyce,Stewart,jstewartk1@comsenz.com
Charles,Freeman,cfreemank2@jalbum.net
Edward,Wright,ewrightk3@theglobeandmail.com
Dorothy,Hayes,dhayesk4@amazon.co.uk
Jason,Bell,jbellk5@mit.edu
Gary,Hill,ghillk6@state.gov
Billy,Hernandez,bhernandezk7@plala.or.jp
Stephen,Morales,smoralesk8@soundcloud.com
Roy,Mccoy,rmccoyk9@ocn.ne.jp
Jennifer,Smith,jsmithka@miitbeian.gov.cn
Phyllis,Carroll,pcarrollkb@intel.com
Andrew,Bennett,abennettkc@cnet.com
Maria,Thomas,mthomaskd@tiny.cc
Joe,Fowler,jfowlerke@quantcast.com
Julie,Chavez,jchavezkf@cnbc.com
Eric,Freeman,efreemankg@studiopress.com
Emily,Rogers,erogerskh@elegantthemes.com
Jose,Nichols,jnicholski@deliciousdays.com
Roger,Larson,rlarsonkj@fotki.com
Jonathan,Ross,jrosskk@omniture.com
Margaret,Garza,mgarzakl@i2i.jp
Benjamin,Ruiz,bruizkm@chronoengine.com
Martin,Arnold,marnoldkn@yandex.ru
Paula,Dixon,pdixonko@shareasale.com
Clarence,Howell,chowellkp@wordpress.org
Jose,Robertson,jrobertsonkq@unc.edu
Todd,Ray,traykr@unesco.org
Katherine,Chapman,kchapmanks@drupal.org
Judy,Bradley,jbradleykt@1688.com
Thomas,Morris,tmorrisku@webs.com
Adam,Webb,awebbkv@who.int
Emily,Kelley,ekelleykw@gravatar.com
Henry,Henderson,hhendersonkx@howstuffworks.com
Marie,Ferguson,mfergusonky@oakley.com
Eugene,Matthews,ematthewskz@ow.ly
Jack,Kennedy,jkennedyl0@apache.org
Jeremy,Fields,jfieldsl1@etsy.com
Arthur,Greene,agreenel2@tamu.edu
Sandra,Riley,srileyl3@house.gov
Rose,Bell,rbelll4@amazon.co.jp
Sean,Banks,sbanksl5@fc2.com
Christina,Rice,cricel6@ebay.com
Helen,Butler,hbutlerl7@1und1.de
Steve,Phillips,sphillipsl8@google.com
Brenda,Ross,brossl9@disqus.com
Edward,Taylor,etaylorla@oracle.com
Richard,Henry,rhenrylb@mapquest.com
Elizabeth,Miller,emillerlc@japanpost.jp
Justin,Ross,jrossld@sun.com
Carol,Elliott,celliottle@mozilla.org
Paul,Garrett,pgarrettlf@histats.com
Ashley,Woods,awoodslg@list-manage.com
Aaron,Patterson,apattersonlh@woothemes.com
Ann,Tucker,atuckerli@cdbaby.com
Johnny,Warren,jwarrenlj@blogspot.com
Betty,Jordan,bjordanlk@vinaora.com
Andrew,Mitchell,amitchellll@usda.gov
Ashley,Williamson,awilliamsonlm@shop-pro.jp
Nancy,Chavez,nchavezln@google.ru
Randy,Palmer,rpalmerlo@last.fm
Kimberly,Roberts,krobertslp@gov.uk
Shirley,Collins,scollinslq@wired.com
Susan,Morris,smorrislr@umn.edu
Denise,Parker,dparkerls@freewebs.com
Chris,Marshall,cmarshalllt@multiply.com
Cheryl,Hicks,chickslu@auda.org.au
Steve,Marshall,smarshalllv@state.gov
Randy,Fields,rfieldslw@woothemes.com
Margaret,George,mgeorgelx@dropbox.com
Jerry,Moore,jmoorely@kickstarter.com
Cheryl,Stephens,cstephenslz@youtu.be
Henry,Collins,hcollinsm0@symantec.com
Susan,Garrett,sgarrettm1@slideshare.net
Betty,Gonzalez,bgonzalezm2@bandcamp.com
Mildred,Adams,madamsm3@sourceforge.net
Paula,Myers,pmyersm4@sourceforge.net
Virginia,Olson,volsonm5@goodreads.com
Sara,Bryant,sbryantm6@gizmodo.com
Frank,Coleman,fcolemanm7@ifeng.com
Denise,Banks,dbanksm8@statcounter.com
Patrick,Davis,pdavism9@vimeo.com
Jane,Hunter,jhunterma@wunderground.com
Alice,Burns,aburnsmb@sina.com.cn
Kathleen,Nelson,knelsonmc@mtv.com
Laura,Welch,lwelchmd@parallels.com
Russell,Grant,rgrantme@discuz.net
Jerry,Little,jlittlemf@va.gov
Kathy,Medina,kmedinamg@bluehost.com
Lillian,Austin,laustinmh@github.com
George,Ramirez,gramirezmi@goodreads.com
Bobby,Wallace,bwallacemj@histats.com
Marie,Roberts,mrobertsmk@meetup.com
Craig,Hamilton,chamiltonml@nationalgeographic.com
Virginia,Howard,vhowardmm@weebly.com
Charles,King,ckingmn@unblog.fr
Billy,Long,blongmo@biglobe.ne.jp
Irene,Harvey,iharveymp@europa.eu
Bobby,Mcdonald,bmcdonaldmq@abc.net.au
Jose,Howard,jhowardmr@blinklist.com
Eugene,Payne,epaynems@cnet.com
Randy,Carr,rcarrmt@apple.com
Nicholas,Harvey,nharveymu@rambler.ru
Russell,Johnson,rjohnsonmv@t.co
Brandon,Harris,bharrismw@scribd.com
Charles,Reyes,creyesmx@boston.com
Stephen,Martinez,smartinezmy@tripod.com
Nancy,Wells,nwellsmz@t.co
Elizabeth,Williamson,ewilliamsonn0@columbia.edu
Sarah,Stanley,sstanleyn1@ebay.co.uk
Anna,Henderson,ahendersonn2@sogou.com
Christopher,Jacobs,cjacobsn3@sakura.ne.jp
Kathleen,Elliott,kelliottn4@slideshare.net
Justin,Freeman,jfreemann5@blogs.com
Sharon,Moore,smooren6@barnesandnoble.com
Shirley,Perkins,sperkinsn7@google.es
Tina,Burton,tburtonn8@icio.us
Debra,Greene,dgreenen9@so-net.ne.jp
Aaron,Morris,amorrisna@sfgate.com
Marilyn,Sims,msimsnb@howstuffworks.com
Steve,Hernandez,shernandeznc@wunderground.com
Ashley,Sanders,asandersnd@123-reg.co.uk
Jesse,Hunter,jhunterne@amazon.com
Andrea,Dunn,adunnnf@hp.com
Julie,Brooks,jbrooksng@twitpic.com
Lawrence,Jackson,ljacksonnh@hhs.gov
Ann,Ryan,aryanni@ustream.tv
Jimmy,Dean,jdeannj@ycombinator.com
Barbara,Stanley,bstanleynk@ezinearticles.com
Judith,Holmes,jholmesnl@kickstarter.com
Ashley,Simpson,asimpsonnm@dedecms.com
Kelly,Dunn,kdunnnn@wikimedia.org
Patricia,Palmer,ppalmerno@hugedomains.com
Martha,Banks,mbanksnp@china.com.cn
Brian,Martinez,bmartineznq@ft.com
Jerry,Watkins,jwatkinsnr@businessweek.com
Lois,Daniels,ldanielsns@taobao.com
Adam,West,awestnt@mozilla.com
Alice,Clark,aclarknu@statcounter.com
William,Mccoy,wmccoynv@e-recht24.de
Jennifer,Taylor,jtaylornw@yale.edu
Christina,Medina,cmedinanx@springer.com
Samuel,Cruz,scruzny@multiply.com
Frances,Butler,fbutlernz@eventbrite.com
Alan,Harvey,aharveyo0@noaa.gov
Janet,Hanson,jhansono1@xinhuanet.com
Philip,Snyder,psnydero2@delicious.com
Walter,Gilbert,wgilberto3@mapquest.com
Craig,Stewart,cstewarto4@multiply.com
Julie,Perkins,jperkinso5@army.mil
Charles,Mills,cmillso6@craigslist.org
Clarence,Willis,cwilliso7@samsung.com
Justin,Morgan,jmorgano8@sun.com
Ralph,Alvarez,ralvarezo9@spotify.com
Robin,George,rgeorgeoa@fotki.com
Denise,Richards,drichardsob@studiopress.com
John,Williams,jwilliamsoc@patch.com
Randy,Palmer,rpalmerod@squidoo.com
Jane,Diaz,jdiazoe@thetimes.co.uk
Bobby,Lawrence,blawrenceof@businessweek.com
Sara,Perry,sperryog@reuters.com
Katherine,Ruiz,kruizoh@skyrock.com
Louise,Ramirez,lramirezoi@vimeo.com
Julie,Harrison,jharrisonoj@utexas.edu
Eugene,Cox,ecoxok@dailymotion.com
Joshua,Willis,jwillisol@sitemeter.com
Doris,Bailey,dbaileyom@geocities.jp
Sara,Jordan,sjordanon@slideshare.net
Alan,Coleman,acolemanoo@psu.edu
Donna,Andrews,dandrewsop@plala.or.jp
Joseph,Shaw,jshawoq@abc.net.au
Todd,Frazier,tfrazieror@bravesites.com
Lori,Marshall,lmarshallos@slideshare.net
Arthur,Stephens,astephensot@devhub.com
Anna,Kim,akimou@cam.ac.uk
Jose,Olson,jolsonov@hp.com
Paul,Hanson,phansonow@google.com.au
Douglas,Larson,dlarsonox@feedburner.com
Katherine,Daniels,kdanielsoy@walmart.com
Frank,Burns,fburnsoz@w3.org
Jeremy,George,jgeorgep0@archive.org
Gary,Nichols,gnicholsp1@ustream.tv
Brian,Hayes,bhayesp2@oakley.com
Maria,Pierce,mpiercep3@vk.com
Denise,Williamson,dwilliamsonp4@freewebs.com
Christopher,Stevens,cstevensp5@scribd.com
Beverly,Reid,breidp6@ehow.com
Willie,Fields,wfieldsp7@mysql.com
Joseph,Perkins,jperkinsp8@japanpost.jp
Anna,Mills,amillsp9@ycombinator.com
Cheryl,Burke,cburkepa@timesonline.co.uk
Christine,Torres,ctorrespb@tumblr.com
Willie,Davis,wdavispc@ebay.co.uk
Tammy,Thomas,tthomaspd@virginia.edu
Phillip,Ruiz,pruizpe@example.com
Jean,Fields,jfieldspf@redcross.org
Carl,Fernandez,cfernandezpg@alexa.com
Sarah,Henry,shenryph@lulu.com
Edward,Morgan,emorganpi@spotify.com
Christopher,Jenkins,cjenkinspj@ucsd.edu
Margaret,Fuller,mfullerpk@europa.eu
Craig,Fernandez,cfernandezpl@icio.us
Eric,Garza,egarzapm@intel.com
Evelyn,Ellis,eellispn@utexas.edu
Jane,Oliver,joliverpo@illinois.edu
Jose,Adams,jadamspp@opensource.org
David,Cooper,dcooperpq@dion.ne.jp
Jason,Vasquez,jvasquezpr@ca.gov
Stephanie,Scott,sscottps@creativecommons.org
Kathryn,Graham,kgrahampt@opera.com
Jennifer,Wagner,jwagnerpu@guardian.co.uk
Sean,Stephens,sstephenspv@cbsnews.com
Kevin,Bryant,kbryantpw@buzzfeed.com
Juan,Scott,jscottpx@angelfire.com
Denise,Dixon,ddixonpy@vinaora.com
Karen,Austin,kaustinpz@php.net
Barbara,Russell,brussellq0@vistaprint.com
Daniel,Hamilton,dhamiltonq1@imdb.com
Ruby,Watkins,rwatkinsq2@twitter.com
Adam,Price,apriceq3@sina.com.cn
Judy,Lopez,jlopezq4@harvard.edu
Kelly,Carter,kcarterq5@elpais.com
Jason,Price,jpriceq6@zimbio.com
Kenneth,Hudson,khudsonq7@nymag.com
Shawn,Garcia,sgarciaq8@google.fr
Beverly,Thomas,bthomasq9@surveymonkey.com
Martha,Webb,mwebbqa@tumblr.com
Mark,King,mkingqb@bloglines.com
Jose,Gutierrez,jgutierrezqc@senate.gov
Steven,Duncan,sduncanqd@feedburner.com
Stephanie,Thomas,sthomasqe@wikimedia.org
Jane,Franklin,jfranklinqf@discuz.net
Sharon,Payne,spayneqg@lulu.com
Fred,Bell,fbellqh@irs.gov
Jerry,Cole,jcoleqi@angelfire.com
Paul,Young,pyoungqj@jalbum.net
Carlos,Thompson,cthompsonqk@mediafire.com
Samuel,Morales,smoralesql@indiatimes.com
Judy,Morgan,jmorganqm@twitpic.com
Sean,Baker,sbakerqn@geocities.jp
Keith,Harris,kharrisqo@acquirethisname.com
Katherine,Freeman,kfreemanqp@blogspot.com
James,Carr,jcarrqq@typepad.com
Gerald,Black,gblackqr@europa.eu
Deborah,Morgan,dmorganqs@taobao.com
Albert,Lawrence,alawrenceqt@goo.ne.jp
Justin,Freeman,jfreemanqu@bloomberg.com
Jose,Bell,jbellqv@so-net.ne.jp
Pamela,Simmons,psimmonsqw@homestead.com
Heather,Reed,hreedqx@cisco.com
Sandra,Grant,sgrantqy@xing.com
George,Mason,gmasonqz@amazonaws.com
Dennis,Graham,dgrahamr0@vistaprint.com
Adam,Bryant,abryantr1@chicagotribune.com
Chris,Davis,cdavisr2@springer.com
Beverly,Allen,ballenr3@discovery.com
Barbara,Frazier,bfrazierr4@angelfire.com
Benjamin,Long,blongr5@google.com
Cheryl,Morales,cmoralesr6@salon.com
Christine,Evans,cevansr7@bluehost.com
Theresa,Bowman,tbowmanr8@ed.gov
Joe,Fowler,jfowlerr9@mac.com
Jean,Wagner,jwagnerra@wikispaces.com
Tina,Sims,tsimsrb@taobao.com
Elizabeth,Cox,ecoxrc@paypal.com
Laura,Harvey,lharveyrd@hhs.gov
Matthew,Morris,mmorrisre@yelp.com
Adam,Morgan,amorganrf@ibm.com
James,Flores,jfloresrg@seesaa.net
Jean,Harris,jharrisrh@jalbum.net
Katherine,Rivera,kriverari@storify.com
Robin,Cunningham,rcunninghamrj@google.co.jp
Christine,Lee,cleerk@sbwire.com
Tina,Richards,trichardsrl@hao123.com
Kevin,Henry,khenryrm@live.com
Kathleen,Hudson,khudsonrn@nih.gov
Debra,Gilbert,dgilbertro@youku.com
John,Henry,jhenryrp@arizona.edu
Stephen,Jones,sjonesrq@lycos.com
Donna,Schmidt,dschmidtrr@elegantthemes.com
