id,first_name,last_name,ip_address,country,email
1,Ruby,Garza,240.134.44.206,Bolivia,rgarza0@webs.com
2,Aaron,Elliott,152.100.124.108,Brazil,aelliott1@bing.com
3,Justin,White,54.217.164.25,Czech Republic,jwhite2@digg.com
4,Kathy,Greene,112.221.92.2,China,kgreene3@wunderground.com
5,Brenda,Edwards,159.144.119.50,Russia,bedwards4@dmoz.org
6,Robert,Cole,47.175.7.236,Russia,rcole5@who.int
7,Frank,Hawkins,26.182.27.77,China,fhawkins6@jimdo.com
8,Ralph,Clark,186.55.110.115,Sweden,rclark7@geocities.com
9,Victor,Hawkins,252.128.110.237,Palestinian Territory,vhawkins8@cnn.com
10,Cheryl,Wagner,128.87.92.19,Thailand,cwagner9@wp.com
11,Wanda,Gray,252.243.91.98,China,wgraya@google.com.hk
12,Bobby,Armstrong,235.110.197.148,Tanzania,barmstrongb@topsy.com
13,Willie,Williamson,75.17.98.179,Philippines,wwilliamsonc@phpbb.com
14,Timothy,Hanson,217.40.4.119,Belarus,thansond@sina.com.cn
15,Judith,Alvarez,219.152.155.43,Colombia,jalvareze@nps.gov
16,Lillian,Woods,57.138.49.87,Madagascar,lwoodsf@msu.edu
17,Howard,Cox,29.223.85.94,Sweden,hcoxg@washington.edu
18,Virginia,Lynch,224.153.125.155,Portugal,vlynchh@surveymonkey.com
19,Alan,Jones,76.69.121.152,China,ajonesi@pen.io
20,Marilyn,Mason,36.89.189.61,Nigeria,mmasonj@yelp.com
21,Martha,Perez,85.28.180.112,Iraq,mperezk@blog.com
22,Kenneth,Gonzalez,38.60.233.218,Albania,kgonzalezl@google.nl
23,Denise,Boyd,182.72.170.16,Portugal,dboydm@taobao.com
24,Bonnie,Warren,0.238.53.99,Sweden,bwarrenn@jiathis.com
25,Joyce,Murray,7.224.217.243,Pakistan,jmurrayo@berkeley.edu
26,Frank,Burns,158.229.231.181,Russia,fburnsp@cbc.ca
27,Christine,Garza,46.177.155.47,Sweden,cgarzaq@facebook.com
28,Stephen,Stewart,136.229.68.223,Sweden,sstewartr@aol.com
29,Marie,Clark,157.43.184.250,China,mclarks@creativecommons.org
30,Lois,Evans,34.151.65.242,Russia,levanst@cargocollective.com
31,Alan,Watkins,12.12.172.171,France,awatkinsu@dot.gov
32,Gregory,Alvarez,24.1.49.41,Philippines,galvarezv@addthis.com
33,Howard,Hunt,63.154.71.123,China,hhuntw@mayoclinic.com
34,Kevin,Dixon,124.154.188.92,Ireland,kdixonx@salon.com
35,Sara,Fox,223.175.1.129,Portugal,sfoxy@sogou.com
36,John,Sanchez,51.150.34.63,Indonesia,jsanchezz@goodreads.com
37,Jessica,King,77.237.228.168,Peru,jking10@sciencedirect.com
38,Jerry,Arnold,76.30.44.235,China,jarnold11@amazon.co.uk
39,Clarence,Fox,242.175.220.251,Russia,cfox12@rambler.ru
40,Philip,Jones,189.66.147.232,Cape Verde,pjones13@china.com.cn
41,Emily,Young,175.60.34.115,Indonesia,eyoung14@independent.co.uk
42,Annie,Mills,74.41.13.247,China,amills15@artisteer.com
43,Gerald,Wallace,11.47.218.176,Egypt,gwallace16@cbslocal.com
44,Kathryn,Taylor,11.75.168.167,Portugal,ktaylor17@biblegateway.com
45,Michael,Harrison,24.206.213.126,Cameroon,mharrison18@e-recht24.de
46,Phyllis,Miller,104.57.139.231,China,pmiller19@live.com
47,Kelly,Webb,217.146.12.148,Philippines,kwebb1a@tripadvisor.com
48,Billy,Gardner,190.72.46.6,China,bgardner1b@vinaora.com
49,Joe,Morrison,91.9.221.184,Colombia,jmorrison1c@dropbox.com
50,Matthew,Gibson,221.132.88.103,Namibia,mgibson1d@omniture.com
51,Patricia,Bishop,103.153.108.134,Central African Republic,pbishop1e@e-recht24.de
52,Sandra,Grant,109.65.138.152,Russia,sgrant1f@un.org
53,Anna,Hawkins,153.57.27.123,Uruguay,ahawkins1g@discovery.com
54,Robin,Turner,69.179.237.96,Philippines,rturner1h@abc.net.au
55,Julie,Sanchez,132.176.121.169,Greece,jsanchez1i@skyrock.com
56,Norma,Howell,248.28.129.10,Peru,nhowell1j@gov.uk
57,Elizabeth,Washington,30.116.17.91,Portugal,ewashington1k@toplist.cz
58,Virginia,Palmer,186.155.86.221,Indonesia,vpalmer1l@hud.gov
59,Christine,Carpenter,90.86.200.151,Philippines,ccarpenter1m@studiopress.com
60,Pamela,Lynch,119.213.105.8,China,plynch1n@com.com
61,Martha,Stone,225.107.149.140,China,mstone1o@blinklist.com
62,Rose,Cunningham,86.52.129.76,Bolivia,rcunningham1p@dailymotion.com
63,Gary,Reid,107.36.89.133,China,greid1q@homestead.com
64,Sarah,Reed,195.126.120.38,France,sreed1r@blogs.com
65,Jack,Hall,241.25.204.91,China,jhall1s@si.edu
66,Kathryn,Richardson,187.250.104.180,China,krichardson1t@baidu.com
67,Gloria,Stone,238.75.145.20,China,gstone1u@e-recht24.de
68,Jose,Rice,100.88.139.96,Iran,jrice1v@netscape.com
69,Ann,Green,172.58.215.103,Indonesia,agreen1w@gravatar.com
70,Donna,Holmes,207.151.159.100,China,dholmes1x@slashdot.org
71,Sharon,Roberts,107.185.27.84,Argentina,sroberts1y@biglobe.ne.jp
72,Gregory,Mcdonald,42.180.26.0,Nigeria,gmcdonald1z@diigo.com
73,Eric,Shaw,76.241.21.74,Indonesia,eshaw20@reverbnation.com
74,Peter,Lewis,66.110.208.195,China,plewis21@springer.com
75,Jessica,Warren,212.236.26.104,Indonesia,jwarren22@blogspot.com
76,Jessica,Mcdonald,134.217.202.75,Mexico,jmcdonald23@answers.com
77,Rachel,Cook,178.245.81.133,Argentina,rcook24@imdb.com
78,Philip,Hernandez,245.201.201.123,Colombia,phernandez25@mlb.com
79,Deborah,Marshall,142.236.113.76,Iran,dmarshall26@bloglovin.com
80,Thomas,Bishop,36.255.164.169,Madagascar,tbishop27@yahoo.co.jp
81,Annie,Grant,131.130.196.180,China,agrant28@ed.gov
82,Sara,Welch,5.235.59.132,Czech Republic,swelch29@wp.com
83,Paula,Scott,38.132.106.255,Russia,pscott2a@netscape.com
84,Eugene,Weaver,164.37.188.75,Morocco,eweaver2b@squidoo.com
85,Ruth,Wheeler,164.120.108.236,Brazil,rwheeler2c@merriam-webster.com
86,Patricia,Bradley,227.54.125.67,France,pbradley2d@fotki.com
87,Justin,Alexander,119.125.149.122,Swaziland,jalexander2e@forbes.com
88,Ronald,Lynch,235.21.51.139,China,rlynch2f@virginia.edu
89,Carl,Frazier,5.246.251.64,South Korea,cfrazier2g@meetup.com
90,Laura,Nguyen,153.161.23.217,China,lnguyen2h@blogtalkradio.com
91,Shawn,Sims,60.29.65.167,China,ssims2i@constantcontact.com
92,Billy,Burton,158.85.16.116,Palestinian Territory,bburton2j@mozilla.org
93,Judy,Bishop,81.137.69.50,Indonesia,jbishop2k@msu.edu
94,Katherine,Stone,143.39.215.44,China,kstone2l@jugem.jp
95,Brian,Wright,226.11.198.223,Ukraine,bwright2m@bravesites.com
96,Dennis,Kelly,168.178.196.218,France,dkelly2n@adobe.com
97,Sharon,Foster,45.246.192.180,Malaysia,sfoster2o@mayoclinic.com
98,Kathleen,Moore,245.227.226.134,Russia,kmoore2p@icio.us
99,Norma,Palmer,76.22.123.142,Slovenia,npalmer2q@chron.com
100,Rachel,Welch,44.110.25.49,China,rwelch2r@usgs.gov
101,Marie,Hughes,176.71.224.40,Argentina,mhughes2s@psu.edu
102,Rachel,Olson,22.157.244.201,France,rolson2t@biblegateway.com
103,Jessica,Spencer,219.157.42.55,Sweden,jspencer2u@networksolutions.com
104,Marilyn,Henderson,141.61.222.153,Ethiopia,mhenderson2v@utexas.edu
105,Shawn,Bowman,50.147.149.28,Colombia,sbowman2w@shinystat.com
106,Jessica,Hanson,212.102.42.242,Poland,jhanson2x@typepad.com
107,Shirley,Stanley,26.192.102.219,China,sstanley2y@domainmarket.com
108,Larry,Tucker,154.80.55.14,Niger,ltucker2z@squidoo.com
109,Tina,Mccoy,168.240.227.78,China,tmccoy30@dropbox.com
110,Susan,Hughes,153.3.15.200,China,shughes31@mozilla.com
111,Cheryl,Bradley,216.42.186.232,Yemen,cbradley32@vimeo.com
112,George,Butler,214.96.0.91,Honduras,gbutler33@technorati.com
113,Stephen,Austin,94.186.103.7,Russia,saustin34@1688.com
114,Ryan,Cox,35.126.23.101,Honduras,rcox35@unc.edu
115,Anthony,Bryant,63.88.80.228,China,abryant36@blogspot.com
116,Shawn,Gutierrez,255.82.92.200,Portugal,sgutierrez37@marriott.com
117,Jose,Weaver,198.230.227.12,Indonesia,jweaver38@microsoft.com
118,Richard,Olson,237.238.109.237,Ukraine,rolson39@etsy.com
119,Christopher,Shaw,39.17.252.79,Colombia,cshaw3a@ed.gov
120,Kathryn,Carr,69.48.89.32,Portugal,kcarr3b@hud.gov
121,Frances,Schmidt,33.43.7.58,Costa Rica,fschmidt3c@blogger.com
122,George,Ramirez,211.42.123.241,China,gramirez3d@dyndns.org
123,Susan,Gibson,201.151.69.41,Peru,sgibson3e@goo.ne.jp
124,Ryan,Roberts,117.164.167.165,Czech Republic,rroberts3f@google.es
125,Anna,Gibson,61.140.254.180,Indonesia,agibson3g@nifty.com
126,Pamela,Morris,188.249.67.96,Canada,pmorris3h@irs.gov
127,Linda,Lawson,50.156.66.43,Portugal,llawson3i@sbwire.com
128,Kathryn,Howell,221.37.205.2,Tanzania,khowell3j@nps.gov
129,Mildred,Gibson,16.101.73.234,China,mgibson3k@hud.gov
130,Craig,Lawson,106.62.22.113,China,clawson3l@sitemeter.com
131,Samuel,Watson,74.0.106.98,China,swatson3m@networkadvertising.org
132,Jason,Nichols,233.217.77.23,Philippines,jnichols3n@ning.com
133,Juan,Gilbert,251.199.20.88,Venezuela,jgilbert3o@xing.com
134,Aaron,Berry,229.91.218.117,Brazil,aberry3p@nydailynews.com
135,Irene,Gardner,99.135.148.108,Ukraine,igardner3q@loc.gov
136,Joe,Powell,14.255.227.149,China,jpowell3r@wikispaces.com
137,Karen,Barnes,222.110.121.102,China,kbarnes3s@sina.com.cn
138,Joyce,Ross,254.93.80.58,Philippines,jross3t@ebay.com
139,Terry,Turner,186.48.154.76,China,tturner3u@google.es
140,Louis,Banks,130.193.83.140,Niger,lbanks3v@desdev.cn
141,Bobby,Howell,199.215.73.248,Nepal,bhowell3w@themeforest.net
142,Bonnie,Gibson,70.65.193.223,United States,bgibson3x@techcrunch.com
143,Jane,Robertson,166.38.164.142,Philippines,jrobertson3y@rediff.com
144,Jacqueline,Hill,108.237.89.205,Vietnam,jhill3z@columbia.edu
145,Peter,Harris,59.122.185.141,Russia,pharris40@exblog.jp
146,Jack,Russell,240.63.61.22,Indonesia,jrussell41@tamu.edu
147,Jeremy,Mills,79.95.253.42,Ukraine,jmills42@apache.org
148,Julia,Cole,112.121.59.54,China,jcole43@meetup.com
149,Kathy,Lynch,107.203.171.189,China,klynch44@over-blog.com
150,Susan,Richards,156.29.59.135,Sweden,srichards45@adobe.com
151,Howard,Woods,224.68.92.23,Ukraine,hwoods46@scientificamerican.com
152,Fred,Jenkins,75.193.196.174,Afghanistan,fjenkins47@skype.com
153,Marie,Weaver,209.204.204.36,Kyrgyzstan,mweaver48@psu.edu
154,Michael,Washington,238.204.197.82,China,mwashington49@qq.com
155,Martin,Frazier,130.171.50.86,Indonesia,mfrazier4a@chicagotribune.com
156,Sarah,Roberts,170.146.186.198,Poland,sroberts4b@zimbio.com
157,Frank,Fernandez,131.37.225.50,Vietnam,ffernandez4c@printfriendly.com
158,Ralph,Martin,23.92.75.206,Colombia,rmartin4d@weebly.com
159,Maria,Ellis,144.39.115.246,Philippines,mellis4e@dion.ne.jp
160,Christopher,Ross,18.3.54.68,Dominica,cross4f@netlog.com
161,George,Perez,65.219.224.252,Dominica,gperez4g@free.fr
162,Harold,Hicks,238.252.101.144,Serbia,hhicks4h@4shared.com
163,Carl,Rose,236.149.222.180,Philippines,crose4i@businessweek.com
164,Ashley,Campbell,189.23.152.145,China,acampbell4j@qq.com
165,Nancy,Little,169.76.4.47,Colombia,nlittle4k@cbsnews.com
166,Lisa,Barnes,171.90.154.121,United States,lbarnes4l@posterous.com
167,Susan,Powell,202.150.235.222,Hungary,spowell4m@e-recht24.de
168,Eugene,Freeman,9.232.175.82,Mexico,efreeman4n@psu.edu
169,Kenneth,Holmes,2.146.247.172,Venezuela,kholmes4o@sina.com.cn
170,Steve,Fisher,46.71.172.83,Philippines,sfisher4p@newsvine.com
171,Larry,Stone,237.20.1.194,United States,lstone4q@prweb.com
172,Anna,George,27.29.147.45,Indonesia,ageorge4r@twitpic.com
173,Judy,Long,202.33.70.210,China,jlong4s@usda.gov
174,Howard,Dixon,74.189.196.187,Japan,hdixon4t@qq.com
175,Alan,Howell,30.176.132.215,Thailand,ahowell4u@xrea.com
176,Laura,Adams,218.249.63.140,Indonesia,ladams4v@weather.com
177,Jose,Collins,28.45.225.77,Greece,jcollins4w@wikimedia.org
178,Victor,Mcdonald,88.155.202.11,Portugal,vmcdonald4x@wikia.com
179,Heather,Johnston,117.126.32.245,Indonesia,hjohnston4y@globo.com
180,Jose,Arnold,178.182.49.87,France,jarnold4z@google.es
181,Scott,Collins,154.115.79.233,United States,scollins50@theguardian.com
182,Fred,Stone,180.177.71.128,Japan,fstone51@redcross.org
183,Catherine,Watkins,102.147.192.184,Indonesia,cwatkins52@cloudflare.com
184,Douglas,Kelley,148.153.193.238,Indonesia,dkelley53@cbslocal.com
185,Victor,Frazier,135.54.192.151,Austria,vfrazier54@networkadvertising.org
186,Joshua,Hicks,251.150.75.179,Russia,jhicks55@sciencedirect.com
187,Martin,Grant,72.213.89.176,Italy,mgrant56@amazonaws.com
188,David,Reed,189.188.117.8,Indonesia,dreed57@tinypic.com
189,Harold,Ross,21.215.106.151,Argentina,hross58@cisco.com
190,Wayne,Gonzales,114.16.209.72,China,wgonzales59@wsj.com
191,Janet,Kim,72.95.134.208,Indonesia,jkim5a@umich.edu
192,Carolyn,Thomas,249.123.159.124,Venezuela,cthomas5b@statcounter.com
193,Lillian,Wheeler,202.161.94.224,Croatia,lwheeler5c@trellian.com
194,Irene,Dean,17.73.126.121,China,idean5d@so-net.ne.jp
195,Julie,Thompson,99.206.118.197,Indonesia,jthompson5e@myspace.com
196,James,Harper,143.123.159.11,Finland,jharper5f@tmall.com
197,Walter,Lawrence,221.7.135.45,France,wlawrence5g@opensource.org
198,Sean,Carroll,201.4.3.197,Indonesia,scarroll5h@hibu.com
199,Christina,Davis,78.119.22.98,Macedonia,cdavis5i@flickr.com
200,George,Parker,199.147.166.129,Indonesia,gparker5j@wordpress.org
201,Jeremy,Thompson,189.99.108.9,Tonga,jthompson5k@e-recht24.de
202,Jesse,Morgan,184.229.0.248,China,jmorgan5l@cdc.gov
203,Alan,Webb,100.223.5.173,United States,awebb5m@wsj.com
204,Mark,Jenkins,151.99.207.107,China,mjenkins5n@psu.edu
205,Carol,Gutierrez,153.93.136.234,Greece,cgutierrez5o@amazon.co.uk
206,Maria,Young,90.209.64.110,France,myoung5p@yahoo.com
207,Gary,Banks,55.89.116.69,Ukraine,gbanks5q@umn.edu
208,James,Barnes,13.226.217.253,Sweden,jbarnes5r@paypal.com
209,Russell,Reid,160.57.153.105,Azerbaijan,rreid5s@flickr.com
210,Jonathan,Ramirez,56.100.90.20,China,jramirez5t@ezinearticles.com
211,Sharon,Chavez,34.55.91.152,Brazil,schavez5u@angelfire.com
212,Kathy,Bailey,234.139.77.29,China,kbailey5v@prnewswire.com
213,Johnny,Cruz,184.135.207.141,Japan,jcruz5w@cbsnews.com
214,Larry,Garcia,10.47.84.38,Indonesia,lgarcia5x@amazon.co.uk
215,Harry,Medina,255.250.54.2,Japan,hmedina5y@sitemeter.com
216,Jack,Riley,46.181.85.151,Cameroon,jriley5z@google.ru
217,Angela,Riley,119.35.45.102,Norway,ariley60@example.com
218,Andrew,Ford,158.18.236.239,Portugal,aford61@census.gov
219,Judith,Chavez,161.189.75.227,China,jchavez62@reference.com
220,Emily,Powell,70.68.201.180,China,epowell63@is.gd
221,Clarence,Stewart,71.174.63.20,France,cstewart64@webmd.com
222,Evelyn,Brown,108.71.32.177,Indonesia,ebrown65@cornell.edu
223,William,Shaw,96.192.105.140,Philippines,wshaw66@blogs.com
224,Shirley,Ellis,241.42.166.65,Japan,sellis67@shareasale.com
225,Ernest,Harvey,35.97.77.136,Russia,eharvey68@utexas.edu
226,Peter,Boyd,88.218.254.33,Uganda,pboyd69@flickr.com
227,Sandra,Wright,43.81.93.119,Philippines,swright6a@earthlink.net
228,Bruce,Snyder,96.239.53.24,China,bsnyder6b@icio.us
229,Carl,Fuller,76.72.10.4,China,cfuller6c@ehow.com
230,Raymond,Gardner,124.138.89.141,Indonesia,rgardner6d@senate.gov
231,Laura,Black,156.146.120.135,Albania,lblack6e@tamu.edu
232,Marie,Anderson,232.42.97.194,Bangladesh,manderson6f@netscape.com
233,Kevin,Phillips,178.65.197.127,Indonesia,kphillips6g@google.cn
234,Christina,Hart,77.176.62.87,Czech Republic,chart6h@spiegel.de
235,Daniel,Burke,140.71.181.70,China,dburke6i@domainmarket.com
236,Douglas,Kelly,238.136.20.60,United States,dkelly6j@slate.com
237,Christina,Mills,178.1.110.129,Kazakhstan,cmills6k@sogou.com
238,Jesse,Alexander,76.137.213.230,Tunisia,jalexander6l@blog.com
239,Jerry,Stanley,64.172.55.4,Iceland,jstanley6m@yellowbook.com
240,Irene,Long,231.208.204.226,Finland,ilong6n@redcross.org
241,Melissa,Bradley,164.97.168.249,Czech Republic,mbradley6o@amazon.co.jp
242,Denise,Mendoza,247.70.19.208,Nigeria,dmendoza6p@umn.edu
243,Michelle,Bishop,114.16.92.48,China,mbishop6q@fda.gov
244,Juan,Ferguson,249.235.140.246,France,jferguson6r@bing.com
245,Teresa,Medina,30.9.14.245,Philippines,tmedina6s@alibaba.com
246,Terry,Kelly,119.157.17.147,Saudi Arabia,tkelly6t@twitpic.com
247,Brenda,Boyd,115.175.61.245,United States,bboyd6u@theguardian.com
248,Judith,Greene,102.137.12.195,China,jgreene6v@dell.com
249,John,Meyer,182.89.215.148,Indonesia,jmeyer6w@time.com
250,Anna,Johnston,9.196.173.152,Indonesia,ajohnston6x@themeforest.net
251,Bonnie,Gray,162.189.211.107,Indonesia,bgray6y@istockphoto.com
252,Louise,Lane,203.213.114.51,Czech Republic,llane6z@studiopress.com
253,John,Ward,69.152.93.244,Sweden,jward70@typepad.com
254,Bonnie,Hansen,4.22.241.184,Guatemala,bhansen71@vkontakte.ru
255,Ashley,Butler,202.81.18.106,Russia,abutler72@hexun.com
256,Martha,Spencer,196.236.55.27,Mexico,mspencer73@telegraph.co.uk
257,Jeremy,Greene,50.62.148.5,China,jgreene74@ehow.com
258,Dorothy,Parker,10.209.33.108,Malaysia,dparker75@csmonitor.com
259,Virginia,Moreno,170.61.13.219,Poland,vmoreno76@fema.gov
260,Karen,Meyer,98.75.83.158,Russia,kmeyer77@yolasite.com
261,Alice,Hughes,165.242.204.14,Afghanistan,ahughes78@ehow.com
262,Thomas,Rogers,213.59.160.40,Argentina,trogers79@surveymonkey.com
263,Jeremy,Willis,207.9.18.211,Ireland,jwillis7a@php.net
264,Lois,Howard,178.15.205.168,Ecuador,lhoward7b@nydailynews.com
265,Harold,Mills,198.62.62.239,Germany,hmills7c@huffingtonpost.com
266,Ann,Lopez,48.151.228.229,Sweden,alopez7d@wp.com
267,Kelly,Gomez,4.72.147.185,France,kgomez7e@123-reg.co.uk
268,Shirley,Brown,204.225.105.244,France,sbrown7f@shareasale.com
269,Jimmy,Thomas,122.194.166.103,Portugal,jthomas7g@mit.edu
270,Marie,Palmer,92.144.108.119,Portugal,mpalmer7h@theatlantic.com
271,George,Kim,105.76.142.67,Russia,gkim7i@independent.co.uk
272,Shawn,Harris,138.147.65.169,Russia,sharris7j@imgur.com
273,Carlos,Hamilton,192.169.86.83,Belarus,chamilton7k@themeforest.net
274,Brenda,Frazier,192.77.182.210,China,bfrazier7l@adobe.com
275,Joan,Fields,4.246.117.55,Sweden,jfields7m@meetup.com
276,Todd,Graham,1.68.102.63,Vietnam,tgraham7n@msn.com
277,Aaron,Rivera,37.124.215.141,Belarus,arivera7o@elegantthemes.com
278,Martha,Weaver,222.143.63.184,Russia,mweaver7p@amazonaws.com
279,Jimmy,Hall,110.95.15.64,Mauritania,jhall7q@ox.ac.uk
280,Clarence,Ortiz,109.172.5.151,Mongolia,cortiz7r@uol.com.br
281,Janet,Ford,210.122.171.25,Serbia,jford7s@timesonline.co.uk
282,Jose,Burke,183.55.231.230,Argentina,jburke7t@tripadvisor.com
283,Maria,Armstrong,210.250.142.76,Chile,marmstrong7u@scribd.com
284,Michael,Lopez,155.69.31.220,Russia,mlopez7v@berkeley.edu
285,Joe,Kennedy,85.39.52.213,Brazil,jkennedy7w@howstuffworks.com
286,Benjamin,Gomez,219.155.227.74,China,bgomez7x@studiopress.com
287,Robin,George,167.139.113.18,Indonesia,rgeorge7y@multiply.com
288,Sandra,Cook,7.250.78.14,China,scook7z@cnbc.com
289,Stephen,Burns,29.101.1.152,Peru,sburns80@google.com.br
290,Martha,Ortiz,227.23.114.68,Poland,mortiz81@ask.com
291,Lori,Howard,81.119.130.39,Sweden,lhoward82@ucsd.edu
292,Howard,Castillo,211.29.10.175,France,hcastillo83@timesonline.co.uk
293,Christina,James,128.136.134.93,Philippines,cjames84@census.gov
294,Robin,Richardson,46.124.169.22,Burundi,rrichardson85@csmonitor.com
295,Randy,Robinson,144.56.223.247,Indonesia,rrobinson86@pinterest.com
296,Kelly,Spencer,186.113.204.22,Russia,kspencer87@webeden.co.uk
297,Julie,Dean,248.45.146.151,Croatia,jdean88@who.int
298,Teresa,Berry,232.83.223.29,Philippines,tberry89@technorati.com
299,Craig,Hudson,205.173.241.5,United States,chudson8a@imdb.com
300,Gerald,Wheeler,80.208.248.154,Madagascar,gwheeler8b@narod.ru
301,John,Price,170.167.85.74,Colombia,jprice8c@issuu.com
302,Mildred,Fields,81.71.100.111,Argentina,mfields8d@cdc.gov
303,Donald,Morrison,180.224.247.109,Indonesia,dmorrison8e@t.co
304,Ann,Jordan,161.85.211.51,Philippines,ajordan8f@delicious.com
305,Carolyn,Hill,151.25.172.85,El Salvador,chill8g@goodreads.com
306,Robin,Baker,91.236.115.85,China,rbaker8h@mozilla.org
307,Diane,Warren,138.124.139.248,China,dwarren8i@msu.edu
308,Chris,Gordon,105.57.66.81,Brazil,cgordon8j@youtu.be
309,Steve,Montgomery,140.159.5.99,China,smontgomery8k@ameblo.jp
310,Betty,Welch,46.124.151.218,Sweden,bwelch8l@unc.edu
311,Jack,Burns,235.62.34.171,Portugal,jburns8m@eventbrite.com
312,Andrew,Martinez,100.114.135.221,Peru,amartinez8n@quantcast.com
313,Jimmy,Kelly,63.215.193.61,China,jkelly8o@nytimes.com
314,Antonio,Hall,236.105.252.6,Canada,ahall8p@e-recht24.de
315,Phillip,Perez,108.222.105.186,Brazil,pperez8q@xing.com
316,Judy,Foster,78.47.226.145,China,jfoster8r@theglobeandmail.com
317,Charles,Stanley,122.74.114.163,Indonesia,cstanley8s@technorati.com
318,Jane,Diaz,63.101.42.38,Ireland,jdiaz8t@telegraph.co.uk
319,Johnny,Graham,101.126.90.211,Indonesia,jgraham8u@paypal.com
320,Kathryn,Rice,57.1.172.172,China,krice8v@nbcnews.com
321,Brian,Phillips,135.203.12.223,China,bphillips8w@unblog.fr
322,Christine,Bailey,229.218.155.155,France,cbailey8x@pen.io
323,Bobby,Gonzales,94.226.198.112,China,bgonzales8y@devhub.com
324,Paul,Sanders,125.107.25.190,Guatemala,psanders8z@example.com
325,Janice,Rice,62.251.146.28,Indonesia,jrice90@eepurl.com
326,Daniel,Cox,200.245.25.49,United States,dcox91@facebook.com
327,Juan,Fox,171.213.68.69,Philippines,jfox92@studiopress.com
328,Joshua,Daniels,225.91.104.153,Philippines,jdaniels93@zdnet.com
329,Kathy,Alexander,152.172.128.120,Poland,kalexander94@fda.gov
330,Ronald,Carpenter,27.39.113.109,Russia,rcarpenter95@instagram.com
331,Laura,Morgan,223.150.60.199,Russia,lmorgan96@miitbeian.gov.cn
332,Bonnie,Perez,195.172.96.178,Brazil,bperez97@engadget.com
333,David,Gilbert,184.148.30.218,Estonia,dgilbert98@gov.uk
334,Benjamin,Owens,109.109.73.192,Brazil,bowens99@paypal.com
335,Julia,Dean,121.218.191.110,Indonesia,jdean9a@printfriendly.com
336,Michael,Baker,128.175.53.62,Poland,mbaker9b@amazonaws.com
337,Lisa,Little,157.38.230.199,Syria,llittle9c@msu.edu
338,Randy,Burns,59.229.159.143,China,rburns9d@telegraph.co.uk
339,Brenda,Collins,52.129.13.168,China,bcollins9e@cnn.com
340,Evelyn,Hayes,4.152.151.212,Azerbaijan,ehayes9f@altervista.org
341,Joseph,Duncan,27.45.100.63,China,jduncan9g@ed.gov
342,Carol,Webb,26.91.92.39,Philippines,cwebb9h@newyorker.com
343,Kelly,Rice,119.131.188.118,Slovenia,krice9i@goodreads.com
344,Justin,Smith,140.140.230.88,Myanmar,jsmith9j@macromedia.com
345,Jack,Carroll,159.2.136.169,China,jcarroll9k@flavors.me
346,Joe,Duncan,127.176.56.176,Russia,jduncan9l@amazon.co.jp
347,Roy,Hernandez,117.220.161.54,China,rhernandez9m@ning.com
348,Patricia,Frazier,5.54.179.205,Brazil,pfrazier9n@bluehost.com
349,Karen,Harvey,114.123.178.16,Poland,kharvey9o@xing.com
350,Anthony,West,125.13.102.104,Greece,awest9p@engadget.com
351,Louise,Hunter,91.227.4.177,China,lhunter9q@friendfeed.com
352,Mark,Mitchell,20.172.17.148,Netherlands,mmitchell9r@yale.edu
353,Ralph,Phillips,5.229.141.92,Indonesia,rphillips9s@exblog.jp
354,Martin,Campbell,153.246.71.193,Poland,mcampbell9t@seesaa.net
355,Billy,Kennedy,76.211.42.30,Cape Verde,bkennedy9u@omniture.com
356,Judy,Lewis,219.91.218.152,Argentina,jlewis9v@skype.com
357,Brandon,Simpson,145.192.112.87,Nigeria,bsimpson9w@parallels.com
358,Patricia,Dixon,127.44.120.59,China,pdixon9x@amazon.com
359,Diane,Gonzales,7.195.245.231,Mali,dgonzales9y@usgs.gov
360,Benjamin,Wilson,95.1.128.26,Cameroon,bwilson9z@tinyurl.com
361,Debra,Reed,130.66.249.40,Georgia,dreeda0@jigsy.com
362,Ralph,Crawford,202.81.180.21,Equatorial Guinea,rcrawforda1@live.com
363,Ryan,Alvarez,48.179.226.178,Japan,ralvareza2@oracle.com
364,Amy,Ford,69.150.224.74,Sweden,aforda3@foxnews.com
365,Christopher,Hill,85.22.249.114,Philippines,chilla4@geocities.jp
366,Charles,Graham,67.91.133.80,Indonesia,cgrahama5@stumbleupon.com
367,Benjamin,Fox,203.194.192.207,China,bfoxa6@tuttocitta.it
368,Ashley,Nichols,16.91.232.203,Indonesia,anicholsa7@ifeng.com
369,Lisa,Lopez,215.42.112.230,Indonesia,llopeza8@archive.org
370,Barbara,Lane,6.87.216.63,Russia,blanea9@yellowpages.com
371,Joe,Hernandez,188.208.12.121,Tanzania,jhernandezaa@trellian.com
372,Irene,Ferguson,35.211.16.245,Afghanistan,ifergusonab@hibu.com
373,Linda,Russell,247.210.106.250,China,lrussellac@fda.gov
374,Eric,Greene,6.47.137.28,Brazil,egreenead@cornell.edu
375,Rebecca,Taylor,63.94.132.73,Czech Republic,rtaylorae@github.io
376,Laura,Richards,177.185.113.139,Portugal,lrichardsaf@wiley.com
377,Jane,Andrews,45.126.31.135,China,jandrewsag@princeton.edu
378,Willie,Mendoza,183.90.197.161,Nigeria,wmendozaah@google.com.br
379,Adam,Gibson,189.39.214.245,Mexico,agibsonai@gmpg.org
380,Martin,Warren,210.38.255.26,Indonesia,mwarrenaj@netscape.com
381,Alan,Morales,61.39.104.197,Portugal,amoralesak@gravatar.com
382,Charles,Richardson,102.87.60.119,France,crichardsonal@irs.gov
383,Victor,Allen,64.56.18.216,Kosovo,vallenam@wunderground.com
384,Martin,Ray,157.112.208.52,Russia,mrayan@tumblr.com
385,Joe,Hamilton,155.165.137.32,Kyrgyzstan,jhamiltonao@canalblog.com
386,Denise,Taylor,35.55.226.88,Indonesia,dtaylorap@abc.net.au
387,Jesse,Hawkins,64.251.253.145,Indonesia,jhawkinsaq@dell.com
388,Marilyn,Myers,144.135.163.50,China,mmyersar@linkedin.com
389,Bonnie,Bailey,17.175.40.117,Russia,bbaileyas@instagram.com
390,Terry,Dean,31.13.232.136,China,tdeanat@naver.com
391,Mildred,Patterson,101.225.177.122,China,mpattersonau@unblog.fr
392,George,Hawkins,166.247.215.93,Poland,ghawkinsav@yolasite.com
393,Howard,Marshall,27.81.149.225,Thailand,hmarshallaw@google.co.jp
394,Katherine,Jackson,130.125.109.223,United States,kjacksonax@github.io
395,Maria,Black,92.51.206.203,Micronesia,mblackay@bigcartel.com
396,Lisa,Ramirez,101.227.24.193,Russia,lramirezaz@oaic.gov.au
397,Gregory,Hudson,23.59.215.222,Russia,ghudsonb0@bigcartel.com
398,Howard,Rice,221.4.48.207,Morocco,hriceb1@google.co.uk
399,Benjamin,Elliott,132.228.112.110,Philippines,belliottb2@i2i.jp
400,Kelly,Hansen,78.42.237.181,China,khansenb3@chron.com
401,Sandra,Lopez,236.235.199.214,China,slopezb4@wiley.com
402,Clarence,Riley,253.135.170.163,France,crileyb5@epa.gov
403,Joseph,Jackson,249.252.83.78,Palestinian Territory,jjacksonb6@sun.com
404,Eric,Wood,179.171.152.18,Iran,ewoodb7@ebay.co.uk
405,Amanda,Marshall,92.73.22.200,Malaysia,amarshallb8@stumbleupon.com
406,Martha,Alvarez,221.127.211.126,Palestinian Territory,malvarezb9@ihg.com
407,Joshua,Welch,231.46.222.103,Nigeria,jwelchba@dailymail.co.uk
408,William,Diaz,44.94.130.32,Poland,wdiazbb@boston.com
409,Aaron,Hart,22.195.135.85,Russia,ahartbc@paypal.com
410,Deborah,Alvarez,107.119.102.9,China,dalvarezbd@soundcloud.com
411,Lois,Harris,88.164.138.33,Austria,lharrisbe@abc.net.au
412,Ruth,Stone,62.112.150.176,Philippines,rstonebf@instagram.com
413,Jane,Fields,56.10.117.116,China,jfieldsbg@un.org
414,Anthony,Burton,188.219.170.177,Indonesia,aburtonbh@ycombinator.com
415,Timothy,Carr,226.31.144.254,Philippines,tcarrbi@tiny.cc
416,Jacqueline,Hayes,251.156.208.92,Russia,jhayesbj@toplist.cz
417,Jerry,Holmes,30.33.96.61,Czech Republic,jholmesbk@seesaa.net
418,Anne,Harris,49.180.180.250,Thailand,aharrisbl@free.fr
419,Bobby,Dunn,200.41.122.133,China,bdunnbm@chicagotribune.com
420,Patricia,Campbell,206.205.125.36,Indonesia,pcampbellbn@youtu.be
421,Rebecca,Carr,12.135.171.227,Poland,rcarrbo@newsvine.com
422,Juan,Burke,252.178.229.140,Mexico,jburkebp@theglobeandmail.com
423,Carl,Parker,54.25.35.66,Indonesia,cparkerbq@tiny.cc
424,Patrick,Wallace,153.148.7.99,Philippines,pwallacebr@twitpic.com
425,Barbara,Bryant,120.4.201.156,Azerbaijan,bbryantbs@baidu.com
426,Gloria,Bennett,43.152.162.208,Sweden,gbennettbt@ebay.com
427,Philip,Hayes,241.250.59.20,Colombia,phayesbu@mlb.com
428,Roger,Webb,60.185.26.193,Portugal,rwebbbv@utexas.edu
429,Joe,James,216.96.161.53,Poland,jjamesbw@state.gov
430,Janet,Diaz,163.9.154.69,Brazil,jdiazbx@scientificamerican.com
431,Clarence,Mills,115.72.35.252,Albania,cmillsby@google.de
432,Harold,Andrews,201.41.146.91,Colombia,handrewsbz@sfgate.com
433,Adam,Rivera,158.55.2.66,Poland,ariverac0@csmonitor.com
434,Anthony,Grant,246.144.148.92,Indonesia,agrantc1@merriam-webster.com
435,Stephen,Hill,255.70.57.243,Kazakhstan,shillc2@noaa.gov
436,Ryan,Baker,211.252.253.28,Philippines,rbakerc3@woothemes.com
437,Thomas,Rogers,249.167.149.126,Russia,trogersc4@amazon.com
438,Tammy,Roberts,60.1.172.178,Indonesia,trobertsc5@friendfeed.com
439,Eric,Burke,46.46.101.26,Sweden,eburkec6@webmd.com
440,Gloria,West,11.197.91.77,Indonesia,gwestc7@sina.com.cn
441,Randy,Spencer,140.38.166.163,Slovenia,rspencerc8@reverbnation.com
442,Antonio,King,21.200.255.195,Bangladesh,akingc9@tinypic.com
443,Janice,Bowman,191.109.125.238,Sri Lanka,jbowmanca@topsy.com
444,Todd,Gonzalez,188.35.246.210,Colombia,tgonzalezcb@house.gov
445,Stephen,Edwards,42.13.171.39,Portugal,sedwardscc@nytimes.com
446,Joan,Rogers,152.106.15.248,Portugal,jrogerscd@economist.com
447,Diana,Cox,16.177.126.102,Indonesia,dcoxce@dion.ne.jp
448,Andrea,Lynch,117.125.194.77,Portugal,alynchcf@wikipedia.org
449,Emily,Kim,22.183.251.42,South Africa,ekimcg@g.co
450,Tina,Day,75.198.74.144,Costa Rica,tdaych@google.cn
451,Patrick,Morris,57.89.32.149,United States,pmorrisci@linkedin.com
452,Matthew,James,159.95.213.148,Canada,mjamescj@arstechnica.com
453,Douglas,Jackson,183.176.137.118,China,djacksonck@bizjournals.com
454,Rose,Williamson,133.29.44.36,China,rwilliamsoncl@china.com.cn
455,Roger,Carter,244.245.163.139,Pakistan,rcartercm@fotki.com
456,Maria,Cook,158.212.0.7,Mexico,mcookcn@flickr.com
457,Howard,Larson,82.21.172.57,China,hlarsonco@cnet.com
458,Donna,Gordon,248.2.229.189,Indonesia,dgordoncp@ucla.edu
459,Mildred,Coleman,198.194.137.78,Peru,mcolemancq@sogou.com
460,Janice,Collins,106.45.35.3,China,jcollinscr@php.net
461,Gloria,Cole,90.126.0.197,Dominican Republic,gcolecs@accuweather.com
462,Anne,Rose,127.217.171.190,Bosnia and Herzegovina,arosect@zdnet.com
463,Jose,Bell,15.179.134.86,United States,jbellcu@domainmarket.com
464,Margaret,Burke,214.66.36.120,Sweden,mburkecv@sciencedaily.com
465,Helen,Hunt,226.168.69.9,United States,hhuntcw@squidoo.com
466,Kelly,Fowler,110.77.10.176,Thailand,kfowlercx@army.mil
467,Eric,Campbell,80.103.203.88,Ecuador,ecampbellcy@fc2.com
468,Martin,Howell,206.240.11.29,Germany,mhowellcz@businessweek.com
469,Andrea,Holmes,56.182.133.159,Poland,aholmesd0@weather.com
470,Marie,Harper,167.46.220.157,Russia,mharperd1@wsj.com
471,Susan,Barnes,125.54.10.47,Russia,sbarnesd2@kickstarter.com
472,Edward,Nelson,92.250.237.249,Indonesia,enelsond3@cafepress.com
473,Joan,Holmes,55.57.245.200,Russia,jholmesd4@usgs.gov
474,Patricia,Larson,118.186.211.71,Comoros,plarsond5@youku.com
475,Kathy,White,16.104.74.107,China,kwhited6@imageshack.us
476,Amy,Allen,189.225.45.54,Poland,aallend7@nyu.edu
477,Lois,Kelley,163.243.98.166,Venezuela,lkelleyd8@imdb.com
478,Jean,Ray,127.193.245.209,Sweden,jrayd9@marketwatch.com
479,Earl,Welch,136.193.82.156,Poland,ewelchda@nbcnews.com
480,Dennis,Stewart,32.32.134.193,Azerbaijan,dstewartdb@ameblo.jp
481,Christopher,Thompson,231.110.85.130,Indonesia,cthompsondc@sina.com.cn
482,Alice,Ward,41.204.161.181,Portugal,awarddd@yahoo.com
483,Lillian,Miller,193.102.252.174,Ukraine,lmillerde@seattletimes.com
484,Kathleen,Snyder,195.171.59.73,Russia,ksnyderdf@slashdot.org
485,Patricia,Ryan,110.213.141.59,Honduras,pryandg@google.nl
486,Tina,Evans,196.160.85.210,Philippines,tevansdh@themeforest.net
487,Frank,Miller,170.3.217.201,Czech Republic,fmillerdi@smugmug.com
488,Frances,Spencer,127.240.250.79,Guinea,fspencerdj@creativecommons.org
489,Anne,Watkins,103.43.72.152,China,awatkinsdk@patch.com
490,Sara,Rice,11.115.30.95,Indonesia,sricedl@rakuten.co.jp
491,Sara,Hunter,253.185.252.4,Portugal,shunterdm@blog.com
492,George,Olson,32.131.199.108,Kuwait,golsondn@list-manage.com
493,Marilyn,Robinson,213.8.134.166,Netherlands,mrobinsondo@homestead.com
494,Donna,Arnold,34.179.203.253,Nigeria,darnolddp@purevolume.com
495,Frank,Chavez,159.104.232.228,Canada,fchavezdq@weibo.com
496,Harold,Fox,205.165.54.230,Philippines,hfoxdr@eventbrite.com
497,Brandon,Burns,123.161.153.241,Poland,bburnsds@vimeo.com
498,Donald,Hamilton,189.236.146.193,Indonesia,dhamiltondt@freewebs.com
499,Teresa,Hughes,184.64.60.174,China,thughesdu@reference.com
500,Benjamin,Gray,20.131.101.17,Honduras,bgraydv@shop-pro.jp
501,Ronald,Frazier,120.18.67.124,Serbia,rfrazierdw@home.pl
502,Lillian,Reynolds,146.231.194.185,Venezuela,lreynoldsdx@about.com
503,John,Hayes,146.114.110.32,Brazil,jhayesdy@fotki.com
504,Judy,Fox,28.14.16.173,Malaysia,jfoxdz@de.vu
505,Martha,Patterson,183.102.121.231,China,mpattersone0@scribd.com
506,Catherine,Burton,24.25.39.154,China,cburtone1@wikimedia.org
507,Louise,Harvey,150.139.146.54,Portugal,lharveye2@delicious.com
508,Sharon,Gordon,210.107.26.25,Indonesia,sgordone3@shutterfly.com
509,Virginia,Lawson,64.138.68.26,Thailand,vlawsone4@taobao.com
510,Thomas,Parker,95.59.173.24,Tunisia,tparkere5@mashable.com
511,Ernest,West,139.50.238.79,Morocco,eweste6@shutterfly.com
512,Clarence,Knight,61.196.88.213,Indonesia,cknighte7@acquirethisname.com
513,Shawn,Peters,79.52.104.95,China,speterse8@ihg.com
514,Susan,Sullivan,243.201.23.72,Philippines,ssullivane9@oakley.com
515,Brian,Coleman,58.95.15.186,Nigeria,bcolemanea@latimes.com
516,Gary,Powell,120.23.217.180,Czech Republic,gpowelleb@elpais.com
517,Sara,Oliver,175.121.215.237,Russia,soliverec@msu.edu
518,Christine,Fisher,237.88.72.109,Ukraine,cfishered@hexun.com
519,Evelyn,George,40.34.226.204,China,egeorgeee@mtv.com
520,Phillip,Porter,41.170.206.241,China,pporteref@marriott.com
521,Catherine,Garcia,223.145.231.138,Russia,cgarciaeg@typepad.com
522,Earl,Fox,170.0.70.78,Russia,efoxeh@answers.com
523,Gloria,Chapman,175.118.228.80,Indonesia,gchapmanei@sbwire.com
524,Gerald,Watson,196.15.164.7,Indonesia,gwatsonej@gravatar.com
525,Robin,Watson,160.96.91.84,Brazil,rwatsonek@jalbum.net
526,Julia,Peterson,52.179.17.54,Ukraine,jpetersonel@live.com
527,Laura,Jordan,86.119.95.196,Russia,ljordanem@soup.io
528,Sharon,Henry,75.35.244.208,Costa Rica,shenryen@nba.com
529,Johnny,Alexander,156.4.147.84,Guatemala,jalexandereo@ed.gov
530,Amanda,Spencer,19.53.254.23,China,aspencerep@sfgate.com
531,Eric,Willis,85.130.2.124,China,ewilliseq@utexas.edu
532,Joan,Larson,4.208.243.157,China,jlarsoner@nymag.com
533,Virginia,Perez,124.81.14.119,Brazil,vperezes@so-net.ne.jp
534,Rachel,Boyd,120.62.216.246,Philippines,rboydet@sina.com.cn
535,Carol,Snyder,131.116.145.171,Russia,csnydereu@paypal.com
536,Helen,Wright,37.46.141.169,Vietnam,hwrightev@who.int
537,Robin,Lynch,216.136.68.69,Russia,rlynchew@jalbum.net
538,Christine,Thompson,99.128.136.177,Indonesia,cthompsonex@oakley.com
539,Joshua,Hawkins,116.141.95.148,South Korea,jhawkinsey@com.com
540,Ashley,Boyd,35.149.105.233,United States,aboydez@twitpic.com
541,Kathy,Sullivan,113.0.135.96,Brazil,ksullivanf0@fotki.com
542,Rachel,Moore,235.220.122.26,Indonesia,rmooref1@seesaa.net
543,Phillip,Gomez,245.175.241.180,Brazil,pgomezf2@craigslist.org
544,Beverly,Sims,0.48.166.161,China,bsimsf3@independent.co.uk
545,Gary,Austin,192.253.65.91,Poland,gaustinf4@engadget.com
546,Albert,Thomas,239.7.132.171,Chile,athomasf5@indiegogo.com
547,Jerry,Johnston,132.33.28.244,Bulgaria,jjohnstonf6@pbs.org
548,Roy,Dixon,237.107.168.219,Ukraine,rdixonf7@networksolutions.com
549,Denise,Peters,223.114.125.43,China,dpetersf8@opera.com
550,Thomas,Harris,170.73.232.233,Pakistan,tharrisf9@un.org
551,Sarah,Sims,236.238.239.98,South Africa,ssimsfa@so-net.ne.jp
552,Christine,Henderson,202.20.194.181,Japan,chendersonfb@opera.com
553,Daniel,Hall,41.253.179.42,Portugal,dhallfc@slate.com
554,Albert,Moore,202.36.64.144,China,amoorefd@slashdot.org
555,Jacqueline,Harvey,110.73.212.222,China,jharveyfe@hao123.com
556,Jason,Davis,167.23.147.31,Canada,jdavisff@aol.com
557,Charles,Gonzalez,214.49.126.204,Djibouti,cgonzalezfg@github.io
558,Nicholas,Freeman,250.153.227.39,Philippines,nfreemanfh@vk.com
559,Chris,George,113.199.145.149,Venezuela,cgeorgefi@geocities.com
560,Anthony,Morris,151.150.96.223,China,amorrisfj@flickr.com
561,Shirley,Marshall,39.46.243.74,Armenia,smarshallfk@hud.gov
562,Jeremy,Brown,42.17.246.92,Nigeria,jbrownfl@domainmarket.com
563,Jessica,Gomez,38.49.41.96,China,jgomezfm@hubpages.com
564,Cynthia,Mason,140.147.88.39,Uzbekistan,cmasonfn@springer.com
565,Craig,Johnson,91.131.208.225,France,cjohnsonfo@sohu.com
566,Steve,Shaw,87.164.91.145,Indonesia,sshawfp@cbslocal.com
567,Virginia,Morgan,14.156.252.79,Georgia,vmorganfq@springer.com
568,Victor,Frazier,19.69.202.219,Mongolia,vfrazierfr@lulu.com
569,Howard,Morris,4.102.200.75,Russia,hmorrisfs@nbcnews.com
570,Sarah,Holmes,199.5.198.249,Indonesia,sholmesft@ft.com
571,Antonio,Kelley,55.5.160.236,Thailand,akelleyfu@typepad.com
572,Donald,Jacobs,37.167.234.238,Pakistan,djacobsfv@amazonaws.com
573,Phyllis,Castillo,255.40.200.156,Brazil,pcastillofw@squidoo.com
574,Lois,Holmes,211.132.178.57,China,lholmesfx@newsvine.com
575,Linda,Mason,55.210.136.43,Portugal,lmasonfy@umn.edu
576,Nicole,Fernandez,8.43.80.211,Iceland,nfernandezfz@goo.ne.jp
577,Sara,Richardson,94.154.15.191,Indonesia,srichardsong0@google.com
578,Phillip,Williamson,246.187.247.244,Indonesia,pwilliamsong1@twitter.com
579,Victor,Alvarez,47.76.7.124,Colombia,valvarezg2@apple.com
580,Benjamin,Hanson,179.127.202.159,China,bhansong3@alibaba.com
581,Rose,Riley,44.189.38.136,Mauritius,rrileyg4@va.gov
582,Kevin,Burke,115.156.124.198,Chile,kburkeg5@studiopress.com
583,Howard,Freeman,198.194.151.85,Indonesia,hfreemang6@samsung.com
584,Albert,Daniels,236.228.54.43,South Korea,adanielsg7@mail.ru
585,Ruth,Crawford,231.219.131.194,Philippines,rcrawfordg8@chron.com
586,Christine,Russell,21.247.218.67,Paraguay,crussellg9@psu.edu
587,Wayne,Robinson,239.4.39.213,Portugal,wrobinsonga@opensource.org
588,Frank,Hill,49.148.196.46,Slovenia,fhillgb@columbia.edu
589,Christina,Hansen,154.27.240.239,Peru,chansengc@reverbnation.com
590,Joe,Banks,249.147.211.7,Syria,jbanksgd@pbs.org
591,Phyllis,Watson,187.114.104.123,Czech Republic,pwatsonge@telegraph.co.uk
592,Tammy,Kennedy,218.55.88.2,Syria,tkennedygf@pbs.org
593,Jeremy,Hill,113.101.72.206,China,jhillgg@prweb.com
594,Shawn,Fernandez,97.140.124.213,China,sfernandezgh@blog.com
595,Denise,Bailey,147.241.246.43,Thailand,dbaileygi@webeden.co.uk
596,Lillian,Gonzalez,99.166.113.60,Poland,lgonzalezgj@samsung.com
597,Helen,Scott,191.196.1.185,Aruba,hscottgk@mlb.com
598,David,Johnson,236.207.210.253,Malaysia,djohnsongl@phoca.cz
599,Kimberly,Barnes,240.142.75.221,Czech Republic,kbarnesgm@state.tx.us
600,Judy,Henderson,141.154.245.243,China,jhendersongn@discovery.com
601,Douglas,Reyes,186.25.69.151,United States,dreyesgo@cbc.ca
602,Sharon,Burton,129.50.19.43,China,sburtongp@pbs.org
603,Joan,Graham,178.236.244.251,Brazil,jgrahamgq@wired.com
604,Jack,Carr,247.221.183.213,Indonesia,jcarrgr@un.org
605,Paul,James,34.8.152.59,Poland,pjamesgs@nationalgeographic.com
606,Alice,Mendoza,141.52.64.160,Philippines,amendozagt@google.de
607,Tina,Welch,77.89.57.61,Chile,twelchgu@cpanel.net
608,Roger,Bradley,46.197.109.92,China,rbradleygv@stanford.edu
609,Phillip,Porter,198.86.32.196,Indonesia,pportergw@walmart.com
610,Benjamin,Matthews,233.189.69.68,China,bmatthewsgx@skype.com
611,Marilyn,Schmidt,171.128.243.70,Peru,mschmidtgy@tuttocitta.it
612,Tammy,Stanley,235.80.98.99,France,tstanleygz@prnewswire.com
613,Jean,George,204.163.160.14,Indonesia,jgeorgeh0@cafepress.com
614,Pamela,Tucker,0.11.145.23,China,ptuckerh1@huffingtonpost.com
615,Anna,Woods,145.94.122.26,Japan,awoodsh2@ftc.gov
616,Roy,Roberts,191.115.168.179,Pakistan,rrobertsh3@ft.com
617,Alice,Ross,109.84.18.77,Indonesia,arossh4@zdnet.com
618,Douglas,Sullivan,250.76.166.65,Philippines,dsullivanh5@webmd.com
619,Timothy,Lynch,228.189.175.55,United States,tlynchh6@mtv.com
620,Daniel,Ross,103.227.180.10,Russia,drossh7@reference.com
621,Eric,Hunter,87.212.222.75,Philippines,ehunterh8@vistaprint.com
622,Katherine,Montgomery,171.188.131.37,Tanzania,kmontgomeryh9@who.int
623,Steve,Snyder,254.183.243.52,China,ssnyderha@stanford.edu
624,Shawn,Kennedy,79.24.137.144,Brazil,skennedyhb@plala.or.jp
625,Helen,Ryan,37.79.225.46,Malaysia,hryanhc@usda.gov
626,Ann,Hart,212.195.32.103,China,aharthd@yahoo.com
627,Virginia,White,149.18.4.160,France,vwhitehe@yale.edu
628,Carol,Perkins,154.9.176.233,Portugal,cperkinshf@pagesperso-orange.fr
629,Irene,Brooks,203.61.90.31,Japan,ibrookshg@purevolume.com
630,Betty,Carter,227.146.140.68,Croatia,bcarterhh@github.io
631,Benjamin,Anderson,133.150.201.21,Portugal,bandersonhi@xing.com
632,Joyce,Mitchell,255.134.106.241,Portugal,jmitchellhj@adobe.com
633,Harry,Lawrence,86.155.186.39,Indonesia,hlawrencehk@wufoo.com
634,Gloria,Kelley,186.41.226.22,Uganda,gkelleyhl@dedecms.com
635,Joyce,Morrison,186.225.106.90,Guatemala,jmorrisonhm@omniture.com
636,Keith,Hernandez,83.172.77.95,Peru,khernandezhn@java.com
637,Patrick,Jackson,57.15.150.154,Ukraine,pjacksonho@webnode.com
638,Charles,Romero,249.86.239.154,Poland,cromerohp@wikispaces.com
639,John,Watkins,51.66.107.189,China,jwatkinshq@unesco.org
640,Charles,Vasquez,7.188.139.21,China,cvasquezhr@forbes.com
641,Patricia,Perry,180.38.75.34,Poland,pperryhs@squarespace.com
642,Christina,Campbell,20.197.231.218,Kazakhstan,ccampbellht@privacy.gov.au
643,Howard,Grant,186.6.182.97,China,hgranthu@pbs.org
644,Catherine,Gray,94.63.154.20,Russia,cgrayhv@163.com
645,Debra,George,224.239.170.80,Czech Republic,dgeorgehw@adobe.com
646,Ashley,Duncan,206.77.255.17,Indonesia,aduncanhx@vimeo.com
647,Marilyn,Reyes,48.119.73.164,Philippines,mreyeshy@time.com
648,Henry,Carter,35.132.224.224,China,hcarterhz@storify.com
649,Harold,Porter,4.214.48.97,Syria,hporteri0@networksolutions.com
650,Ann,Smith,120.9.180.100,Sweden,asmithi1@upenn.edu
651,Matthew,Miller,57.178.34.244,Japan,mmilleri2@comsenz.com
652,Stephen,Lee,188.132.95.249,Canada,sleei3@wikia.com
653,Judy,Wagner,73.194.147.236,China,jwagneri4@constantcontact.com
654,Steven,Lee,130.118.141.83,Argentina,sleei5@smh.com.au
655,Beverly,Smith,234.240.208.61,China,bsmithi6@nydailynews.com
656,Roger,Perry,19.211.28.215,Indonesia,rperryi7@diigo.com
657,Brian,Willis,213.29.64.34,Russia,bwillisi8@yahoo.co.jp
658,James,Freeman,177.171.56.129,Indonesia,jfreemani9@time.com
659,Christopher,Hughes,145.175.165.230,Australia,chughesia@nature.com
660,Rebecca,Powell,195.179.140.144,Argentina,rpowellib@hugedomains.com
661,Judy,Washington,216.34.109.69,China,jwashingtonic@nifty.com
662,Brandon,Williams,36.225.239.24,Poland,bwilliamsid@slideshare.net
663,Brian,Ruiz,251.203.234.136,Gambia,bruizie@geocities.jp
664,Nancy,Olson,120.4.201.170,Honduras,nolsonif@samsung.com
665,Christine,Turner,118.89.0.138,China,cturnerig@sitemeter.com
666,Dennis,Dixon,74.122.178.215,Mexico,ddixonih@dot.gov
667,Kathy,Perez,48.163.60.100,Greece,kperezii@github.io
668,Pamela,Hill,52.19.206.112,Argentina,phillij@a8.net
669,Patrick,Williamson,52.174.224.183,Indonesia,pwilliamsonik@umich.edu
670,Dennis,King,6.176.189.62,Japan,dkingil@pcworld.com
671,Ronald,Stone,41.139.64.8,Ivory Coast,rstoneim@phoca.cz
672,Joyce,Murray,141.180.151.50,Brazil,jmurrayin@miitbeian.gov.cn
673,Stephen,Carter,85.177.184.1,Portugal,scarterio@skype.com
674,Patricia,Hill,153.183.74.15,Mali,phillip@purevolume.com
675,Christina,Howell,14.72.125.79,China,chowelliq@a8.net
676,Dennis,Ramos,234.193.215.191,Portugal,dramosir@salon.com
677,Charles,Coleman,204.116.13.208,Poland,ccolemanis@stumbleupon.com
678,Jane,Thomas,51.71.35.16,Poland,jthomasit@posterous.com
679,Jeffrey,Gray,60.111.197.201,Chile,jgrayiu@nydailynews.com
680,Andrea,Bell,164.175.110.23,France,abelliv@ning.com
681,Evelyn,Russell,175.50.54.124,China,erusselliw@bluehost.com
682,Andrea,Robinson,219.200.36.236,Vietnam,arobinsonix@jiathis.com
683,Stephen,West,233.227.184.239,Ireland,swestiy@cdc.gov
684,Brian,White,178.64.217.149,Peru,bwhiteiz@chronoengine.com
685,Ryan,Spencer,154.135.95.111,Philippines,rspencerj0@yolasite.com
686,Pamela,Crawford,39.136.100.248,China,pcrawfordj1@purevolume.com
687,Brian,Harrison,2.165.81.110,Japan,bharrisonj2@cyberchimps.com
688,Susan,Hawkins,10.57.62.4,Sweden,shawkinsj3@mlb.com
689,Christopher,Rose,248.205.7.35,Czech Republic,crosej4@dmoz.org
690,Martin,Nichols,43.53.133.100,Thailand,mnicholsj5@google.com.br
691,Elizabeth,Wallace,50.206.180.213,Russia,ewallacej6@sakura.ne.jp
692,Sean,George,53.24.226.94,Nigeria,sgeorgej7@ucoz.com
693,Jeffrey,Williamson,208.251.176.145,Brazil,jwilliamsonj8@ehow.com
694,Judith,Dunn,114.228.113.108,China,jdunnj9@spiegel.de
695,Annie,Ramirez,70.109.129.124,Philippines,aramirezja@clickbank.net
696,Gregory,Kelley,160.247.40.114,Armenia,gkelleyjb@privacy.gov.au
697,Philip,Phillips,204.107.114.217,China,pphillipsjc@163.com
698,John,Griffin,212.197.35.19,Nigeria,jgriffinjd@techcrunch.com
699,Ruth,Mccoy,27.46.55.237,Indonesia,rmccoyje@nature.com
700,Justin,Thompson,226.123.96.43,China,jthompsonjf@wikispaces.com
701,Harold,Foster,30.99.9.91,Argentina,hfosterjg@noaa.gov
702,Russell,Clark,190.61.169.129,Ukraine,rclarkjh@comcast.net
703,Mark,Brown,26.76.107.172,China,mbrownji@geocities.jp
704,Pamela,Henry,66.91.36.189,China,phenryjj@virginia.edu
705,Carolyn,Morales,119.47.234.19,Iran,cmoralesjk@irs.gov
706,Chris,Rivera,99.53.40.61,Venezuela,criverajl@gov.uk
707,Steve,Crawford,197.244.237.105,Tanzania,scrawfordjm@go.com
708,Bobby,Lynch,51.22.90.105,Indonesia,blynchjn@flavors.me
709,Judith,Payne,95.4.193.79,Indonesia,jpaynejo@skyrock.com
710,Roger,Nguyen,28.246.49.105,Philippines,rnguyenjp@archive.org
711,Dennis,Phillips,157.213.241.195,China,dphillipsjq@lycos.com
712,Mildred,Hughes,182.99.22.80,Japan,mhughesjr@bloglines.com
713,Theresa,Ray,139.153.29.214,United States,trayjs@reuters.com
714,Julie,Brown,220.207.127.182,Indonesia,jbrownjt@rakuten.co.jp
715,Nicole,Brown,36.62.217.28,United States,nbrownju@pagesperso-orange.fr
716,Sara,Martinez,46.69.85.29,Croatia,smartinezjv@sourceforge.net
717,Jacqueline,Wilson,128.24.80.249,Poland,jwilsonjw@umn.edu
718,Justin,Long,137.20.149.123,Argentina,jlongjx@slashdot.org
719,Anthony,Reynolds,134.52.161.215,Russia,areynoldsjy@163.com
720,Virginia,Franklin,124.103.62.63,Indonesia,vfranklinjz@ox.ac.uk
721,Shawn,Wheeler,250.127.165.128,Chile,swheelerk0@uiuc.edu
722,Joyce,Stewart,105.244.94.9,Guatemala,jstewartk1@comsenz.com
723,Charles,Freeman,200.42.251.214,South Africa,cfreemank2@jalbum.net
724,Edward,Wright,221.179.231.112,Colombia,ewrightk3@theglobeandmail.com
725,Dorothy,Hayes,89.158.166.235,Canada,dhayesk4@amazon.co.uk
726,Jason,Bell,0.243.54.80,Philippines,jbellk5@mit.edu
727,Gary,Hill,206.60.34.208,Brazil,ghillk6@state.gov
728,Billy,Hernandez,206.215.206.101,Pakistan,bhernandezk7@plala.or.jp
729,Stephen,Morales,152.58.237.231,Finland,smoralesk8@soundcloud.com
730,Roy,Mccoy,155.49.228.18,Russia,rmccoyk9@ocn.ne.jp
731,Jennifer,Smith,133.73.101.161,Bosnia and Herzegovina,jsmithka@miitbeian.gov.cn
732,Phyllis,Carroll,203.231.138.141,Philippines,pcarrollkb@intel.com
733,Andrew,Bennett,144.211.62.18,China,abennettkc@cnet.com
734,Maria,Thomas,90.62.233.152,Russia,mthomaskd@tiny.cc
735,Joe,Fowler,231.10.193.133,Ukraine,jfowlerke@quantcast.com
736,Julie,Chavez,104.210.178.236,China,jchavezkf@cnbc.com
737,Eric,Freeman,75.63.230.111,Argentina,efreemankg@studiopress.com
738,Emily,Rogers,186.13.188.128,China,erogerskh@elegantthemes.com
739,Jose,Nichols,159.220.237.69,Philippines,jnicholski@deliciousdays.com
740,Roger,Larson,35.220.176.160,China,rlarsonkj@fotki.com
741,Jonathan,Ross,33.40.17.163,Djibouti,jrosskk@omniture.com
742,Margaret,Garza,18.37.83.154,China,mgarzakl@i2i.jp
743,Benjamin,Ruiz,71.193.110.232,China,bruizkm@chronoengine.com
744,Martin,Arnold,131.46.145.64,China,marnoldkn@yandex.ru
745,Paula,Dixon,152.4.249.23,Portugal,pdixonko@shareasale.com
746,Clarence,Howell,13.15.190.109,Azerbaijan,chowellkp@wordpress.org
747,Jose,Robertson,255.189.118.226,Czech Republic,jrobertsonkq@unc.edu
748,Todd,Ray,56.27.170.240,Brazil,traykr@unesco.org
749,Katherine,Chapman,210.105.3.235,China,kchapmanks@drupal.org
750,Judy,Bradley,203.246.243.242,Czech Republic,jbradleykt@1688.com
751,Thomas,Morris,92.221.218.60,Armenia,tmorrisku@webs.com
752,Adam,Webb,95.157.35.201,Brazil,awebbkv@who.int
753,Emily,Kelley,100.49.137.66,Afghanistan,ekelleykw@gravatar.com
754,Henry,Henderson,82.168.218.32,Colombia,hhendersonkx@howstuffworks.com
755,Marie,Ferguson,53.140.75.216,Brazil,mfergusonky@oakley.com
756,Eugene,Matthews,231.50.49.140,Peru,ematthewskz@ow.ly
757,Jack,Kennedy,1.239.78.244,Philippines,jkennedyl0@apache.org
758,Jeremy,Fields,52.53.21.177,Indonesia,jfieldsl1@etsy.com
759,Arthur,Greene,119.14.83.92,Kuwait,agreenel2@tamu.edu
760,Sandra,Riley,131.174.89.242,Argentina,srileyl3@house.gov
761,Rose,Bell,61.56.48.150,Sweden,rbelll4@amazon.co.jp
762,Sean,Banks,77.168.116.141,Thailand,sbanksl5@fc2.com
763,Christina,Rice,239.223.91.12,China,cricel6@ebay.com
764,Helen,Butler,94.59.168.41,Czech Republic,hbutlerl7@1und1.de
765,Steve,Phillips,97.185.114.199,Russia,sphillipsl8@google.com
766,Brenda,Ross,252.16.241.20,Afghanistan,brossl9@disqus.com
767,Edward,Taylor,21.166.131.252,Indonesia,etaylorla@oracle.com
768,Richard,Henry,155.146.75.175,Portugal,rhenrylb@mapquest.com
769,Elizabeth,Miller,54.38.95.108,Russia,emillerlc@japanpost.jp
770,Justin,Ross,61.254.140.46,Indonesia,jrossld@sun.com
771,Carol,Elliott,90.226.101.151,Philippines,celliottle@mozilla.org
772,Paul,Garrett,174.232.57.253,Russia,pgarrettlf@histats.com
773,Ashley,Woods,12.137.58.17,Russia,awoodslg@list-manage.com
774,Aaron,Patterson,245.8.150.217,France,apattersonlh@woothemes.com
775,Ann,Tucker,176.43.223.186,Democratic Republic of the Congo,atuckerli@cdbaby.com
776,Johnny,Warren,240.97.138.188,Nigeria,jwarrenlj@blogspot.com
777,Betty,Jordan,243.77.198.159,Myanmar,bjordanlk@vinaora.com
778,Andrew,Mitchell,85.46.139.122,Madagascar,amitchellll@usda.gov
779,Ashley,Williamson,0.25.152.4,Ethiopia,awilliamsonlm@shop-pro.jp
780,Nancy,Chavez,32.47.229.202,Indonesia,nchavezln@google.ru
781,Randy,Palmer,103.14.146.101,Sweden,rpalmerlo@last.fm
782,Kimberly,Roberts,79.69.121.143,China,krobertslp@gov.uk
783,Shirley,Collins,212.206.90.139,Thailand,scollinslq@wired.com
784,Susan,Morris,46.149.237.153,Bangladesh,smorrislr@umn.edu
785,Denise,Parker,196.132.1.172,Indonesia,dparkerls@freewebs.com
786,Chris,Marshall,158.230.182.123,Sweden,cmarshalllt@multiply.com
787,Cheryl,Hicks,234.95.61.138,Laos,chickslu@auda.org.au
788,Steve,Marshall,50.163.213.71,China,smarshalllv@state.gov
789,Randy,Fields,70.130.95.172,Brazil,rfieldslw@woothemes.com
790,Margaret,George,247.66.87.141,China,mgeorgelx@dropbox.com
791,Jerry,Moore,33.213.40.210,China,jmoorely@kickstarter.com
792,Cheryl,Stephens,38.52.20.136,China,cstephenslz@youtu.be
793,Henry,Collins,239.232.128.96,Japan,hcollinsm0@symantec.com
794,Susan,Garrett,105.117.68.36,Canada,sgarrettm1@slideshare.net
795,Betty,Gonzalez,44.133.161.211,Poland,bgonzalezm2@bandcamp.com
796,Mildred,Adams,76.149.183.215,Indonesia,madamsm3@sourceforge.net
797,Paula,Myers,28.204.88.86,Canada,pmyersm4@sourceforge.net
798,Virginia,Olson,196.192.84.117,Syria,volsonm5@goodreads.com
799,Sara,Bryant,204.105.55.160,China,sbryantm6@gizmodo.com
800,Frank,Coleman,193.232.92.45,Indonesia,fcolemanm7@ifeng.com
801,Denise,Banks,54.68.166.83,Pakistan,dbanksm8@statcounter.com
802,Patrick,Davis,124.202.124.84,China,pdavism9@vimeo.com
803,Jane,Hunter,145.165.124.117,Ukraine,jhunterma@wunderground.com
804,Alice,Burns,57.102.83.13,Brazil,aburnsmb@sina.com.cn
805,Kathleen,Nelson,191.116.170.173,North Korea,knelsonmc@mtv.com
806,Laura,Welch,72.146.188.12,Belarus,lwelchmd@parallels.com
807,Russell,Grant,50.22.209.155,Kenya,rgrantme@discuz.net
808,Jerry,Little,204.165.213.124,China,jlittlemf@va.gov
809,Kathy,Medina,251.154.112.151,Portugal,kmedinamg@bluehost.com
810,Lillian,Austin,83.232.58.213,Central African Republic,laustinmh@github.com
811,George,Ramirez,6.88.51.208,Indonesia,gramirezmi@goodreads.com
812,Bobby,Wallace,180.176.173.204,Peru,bwallacemj@histats.com
813,Marie,Roberts,147.191.128.21,Philippines,mrobertsmk@meetup.com
814,Craig,Hamilton,222.110.88.126,Togo,chamiltonml@nationalgeographic.com
815,Virginia,Howard,211.145.183.38,China,vhowardmm@weebly.com
816,Charles,King,212.127.97.66,Philippines,ckingmn@unblog.fr
817,Billy,Long,209.189.190.35,France,blongmo@biglobe.ne.jp
818,Irene,Harvey,91.201.17.180,South Korea,iharveymp@europa.eu
819,Bobby,Mcdonald,160.76.161.205,China,bmcdonaldmq@abc.net.au
820,Jose,Howard,135.224.175.164,Indonesia,jhowardmr@blinklist.com
821,Eugene,Payne,199.5.47.94,Indonesia,epaynems@cnet.com
822,Randy,Carr,160.243.24.98,China,rcarrmt@apple.com
823,Nicholas,Harvey,230.144.69.75,Russia,nharveymu@rambler.ru
824,Russell,Johnson,90.138.155.247,Poland,rjohnsonmv@t.co
825,Brandon,Harris,170.142.116.3,China,bharrismw@scribd.com
826,Charles,Reyes,11.195.58.210,China,creyesmx@boston.com
827,Stephen,Martinez,120.28.72.13,France,smartinezmy@tripod.com
828,Nancy,Wells,142.1.26.189,Chile,nwellsmz@t.co
829,Elizabeth,Williamson,168.190.116.87,Croatia,ewilliamsonn0@columbia.edu
830,Sarah,Stanley,72.216.115.206,Rwanda,sstanleyn1@ebay.co.uk
831,Anna,Henderson,11.20.219.93,Czech Republic,ahendersonn2@sogou.com
832,Christopher,Jacobs,160.211.223.140,France,cjacobsn3@sakura.ne.jp
833,Kathleen,Elliott,190.211.144.227,Honduras,kelliottn4@slideshare.net
834,Justin,Freeman,222.81.113.62,Luxembourg,jfreemann5@blogs.com
835,Sharon,Moore,194.2.76.3,China,smooren6@barnesandnoble.com
836,Shirley,Perkins,244.41.250.130,Portugal,sperkinsn7@google.es
837,Tina,Burton,208.18.237.94,Dominican Republic,tburtonn8@icio.us
838,Debra,Greene,171.93.189.44,Indonesia,dgreenen9@so-net.ne.jp
839,Aaron,Morris,229.217.55.108,Thailand,amorrisna@sfgate.com
840,Marilyn,Sims,235.203.20.126,Philippines,msimsnb@howstuffworks.com
841,Steve,Hernandez,43.58.115.227,Indonesia,shernandeznc@wunderground.com
842,Ashley,Sanders,140.204.218.175,Indonesia,asandersnd@123-reg.co.uk
843,Jesse,Hunter,17.21.104.138,Poland,jhunterne@amazon.com
844,Andrea,Dunn,253.137.48.249,China,adunnnf@hp.com
845,Julie,Brooks,16.8.200.121,France,jbrooksng@twitpic.com
846,Lawrence,Jackson,11.167.45.35,Peru,ljacksonnh@hhs.gov
847,Ann,Ryan,199.9.35.112,France,aryanni@ustream.tv
848,Jimmy,Dean,189.64.214.37,United Kingdom,jdeannj@ycombinator.com
849,Barbara,Stanley,60.239.242.20,Vietnam,bstanleynk@ezinearticles.com
850,Judith,Holmes,87.151.127.104,Brazil,jholmesnl@kickstarter.com
851,Ashley,Simpson,111.26.155.221,Indonesia,asimpsonnm@dedecms.com
852,Kelly,Dunn,199.17.174.228,Colombia,kdunnnn@wikimedia.org
853,Patricia,Palmer,205.247.26.20,United States,ppalmerno@hugedomains.com
854,Martha,Banks,167.180.212.188,Japan,mbanksnp@china.com.cn
855,Brian,Martinez,234.90.246.112,China,bmartineznq@ft.com
856,Jerry,Watkins,202.66.209.79,Indonesia,jwatkinsnr@businessweek.com
857,Lois,Daniels,58.147.251.163,North Korea,ldanielsns@taobao.com
858,Adam,West,20.120.139.209,Philippines,awestnt@mozilla.com
859,Alice,Clark,88.150.219.97,Mexico,aclarknu@statcounter.com
860,William,Mccoy,110.148.237.132,Indonesia,wmccoynv@e-recht24.de
861,Jennifer,Taylor,51.218.116.3,Kazakhstan,jtaylornw@yale.edu
862,Christina,Medina,197.40.74.70,Netherlands,cmedinanx@springer.com
863,Samuel,Cruz,65.96.245.154,China,scruzny@multiply.com
864,Frances,Butler,173.62.18.163,Russia,fbutlernz@eventbrite.com
865,Alan,Harvey,158.193.208.252,China,aharveyo0@noaa.gov
866,Janet,Hanson,244.88.92.231,Guatemala,jhansono1@xinhuanet.com
867,Philip,Snyder,126.28.108.75,China,psnydero2@delicious.com
868,Walter,Gilbert,133.177.13.28,Nigeria,wgilberto3@mapquest.com
869,Craig,Stewart,236.36.246.184,Sweden,cstewarto4@multiply.com
870,Julie,Perkins,236.55.172.37,Russia,jperkinso5@army.mil
871,Charles,Mills,120.246.69.3,China,cmillso6@craigslist.org
872,Clarence,Willis,239.154.102.76,Indonesia,cwilliso7@samsung.com
873,Justin,Morgan,67.218.62.102,Guatemala,jmorgano8@sun.com
874,Ralph,Alvarez,65.120.222.125,Japan,ralvarezo9@spotify.com
875,Robin,George,216.237.244.77,United States,rgeorgeoa@fotki.com
876,Denise,Richards,192.172.179.96,Dominican Republic,drichardsob@studiopress.com
877,John,Williams,136.66.152.30,Tajikistan,jwilliamsoc@patch.com
878,Randy,Palmer,223.177.155.131,Portugal,rpalmerod@squidoo.com
879,Jane,Diaz,177.154.159.146,South Africa,jdiazoe@thetimes.co.uk
880,Bobby,Lawrence,27.182.88.16,France,blawrenceof@businessweek.com
881,Sara,Perry,187.205.239.38,Indonesia,sperryog@reuters.com
882,Katherine,Ruiz,107.57.118.109,Sweden,kruizoh@skyrock.com
883,Louise,Ramirez,58.170.233.32,Indonesia,lramirezoi@vimeo.com
884,Julie,Harrison,12.115.55.188,Russia,jharrisonoj@utexas.edu
885,Eugene,Cox,209.224.2.223,United States,ecoxok@dailymotion.com
886,Joshua,Willis,239.48.153.97,China,jwillisol@sitemeter.com
887,Doris,Bailey,76.187.47.127,Poland,dbaileyom@geocities.jp
888,Sara,Jordan,54.245.126.102,China,sjordanon@slideshare.net
889,Alan,Coleman,105.139.189.221,Canada,acolemanoo@psu.edu
890,Donna,Andrews,162.194.168.62,Philippines,dandrewsop@plala.or.jp
891,Joseph,Shaw,82.67.72.46,Sweden,jshawoq@abc.net.au
892,Todd,Frazier,86.206.140.22,Portugal,tfrazieror@bravesites.com
893,Lori,Marshall,236.120.214.173,Canada,lmarshallos@slideshare.net
894,Arthur,Stephens,123.168.178.153,Tanzania,astephensot@devhub.com
895,Anna,Kim,190.90.129.118,Albania,akimou@cam.ac.uk
896,Jose,Olson,138.67.74.151,China,jolsonov@hp.com
897,Paul,Hanson,255.207.174.102,South Africa,phansonow@google.com.au
898,Douglas,Larson,103.182.1.184,China,dlarsonox@feedburner.com
899,Katherine,Daniels,108.162.140.77,Russia,kdanielsoy@walmart.com
900,Frank,Burns,74.6.38.18,Brazil,fburnsoz@w3.org
901,Jeremy,George,109.235.121.188,Slovenia,jgeorgep0@archive.org
902,Gary,Nichols,198.56.37.41,Indonesia,gnicholsp1@ustream.tv
903,Brian,Hayes,117.32.106.128,Ireland,bhayesp2@oakley.com
904,Maria,Pierce,250.66.185.22,Peru,mpiercep3@vk.com
905,Denise,Williamson,207.6.160.103,Egypt,dwilliamsonp4@freewebs.com
906,Christopher,Stevens,165.56.140.32,Brazil,cstevensp5@scribd.com
907,Beverly,Reid,153.7.136.173,China,breidp6@ehow.com
908,Willie,Fields,54.184.97.197,Russia,wfieldsp7@mysql.com
909,Joseph,Perkins,89.39.155.82,Ukraine,jperkinsp8@japanpost.jp
910,Anna,Mills,211.240.177.193,Mexico,amillsp9@ycombinator.com
911,Cheryl,Burke,70.145.180.75,Philippines,cburkepa@timesonline.co.uk
912,Christine,Torres,186.219.183.20,Indonesia,ctorrespb@tumblr.com
913,Willie,Davis,37.208.192.109,Russia,wdavispc@ebay.co.uk
914,Tammy,Thomas,103.135.212.53,China,tthomaspd@virginia.edu
915,Phillip,Ruiz,250.124.214.52,Indonesia,pruizpe@example.com
916,Jean,Fields,1.226.137.146,China,jfieldspf@redcross.org
917,Carl,Fernandez,119.96.6.152,Mexico,cfernandezpg@alexa.com
918,Sarah,Henry,238.137.50.102,Argentina,shenryph@lulu.com
919,Edward,Morgan,173.86.98.28,Morocco,emorganpi@spotify.com
920,Christopher,Jenkins,188.202.216.237,China,cjenkinspj@ucsd.edu
921,Margaret,Fuller,251.195.76.203,Nigeria,mfullerpk@europa.eu
922,Craig,Fernandez,1.8.64.83,Philippines,cfernandezpl@icio.us
923,Eric,Garza,98.243.239.217,Czech Republic,egarzapm@intel.com
924,Evelyn,Ellis,219.57.95.150,China,eellispn@utexas.edu
925,Jane,Oliver,28.93.126.217,Colombia,joliverpo@illinois.edu
926,Jose,Adams,160.144.70.117,Greece,jadamspp@opensource.org
927,David,Cooper,208.156.23.60,China,dcooperpq@dion.ne.jp
928,Jason,Vasquez,50.249.46.44,Czech Republic,jvasquezpr@ca.gov
929,Stephanie,Scott,11.216.20.85,Brazil,sscottps@creativecommons.org
930,Kathryn,Graham,140.61.90.109,Jamaica,kgrahampt@opera.com
931,Jennifer,Wagner,255.103.173.183,Belarus,jwagnerpu@guardian.co.uk
932,Sean,Stephens,10.182.223.143,China,sstephenspv@cbsnews.com
933,Kevin,Bryant,18.180.170.55,Indonesia,kbryantpw@buzzfeed.com
934,Juan,Scott,61.29.129.53,Thailand,jscottpx@angelfire.com
935,Denise,Dixon,235.38.195.12,Israel,ddixonpy@vinaora.com
936,Karen,Austin,103.194.220.51,Brazil,kaustinpz@php.net
937,Barbara,Russell,51.222.15.74,Sweden,brussellq0@vistaprint.com
938,Daniel,Hamilton,170.0.144.97,China,dhamiltonq1@imdb.com
939,Ruby,Watkins,30.20.182.75,Philippines,rwatkinsq2@twitter.com
940,Adam,Price,32.36.241.190,China,apriceq3@sina.com.cn
941,Judy,Lopez,115.117.240.148,Chile,jlopezq4@harvard.edu
942,Kelly,Carter,15.15.174.152,France,kcarterq5@elpais.com
943,Jason,Price,196.76.66.111,France,jpriceq6@zimbio.com
944,Kenneth,Hudson,113.42.93.92,Bangladesh,khudsonq7@nymag.com
945,Shawn,Garcia,183.98.168.184,Slovenia,sgarciaq8@google.fr
946,Beverly,Thomas,82.250.192.153,United States,bthomasq9@surveymonkey.com
947,Martha,Webb,108.192.133.143,China,mwebbqa@tumblr.com
948,Mark,King,215.88.54.159,Russia,mkingqb@bloglines.com
949,Jose,Gutierrez,21.60.206.23,Thailand,jgutierrezqc@senate.gov
950,Steven,Duncan,164.81.200.72,China,sduncanqd@feedburner.com
951,Stephanie,Thomas,218.168.117.96,Indonesia,sthomasqe@wikimedia.org
952,Jane,Franklin,174.254.32.216,Sweden,jfranklinqf@discuz.net
953,Sharon,Payne,81.4.65.123,Brazil,spayneqg@lulu.com
954,Fred,Bell,95.209.27.178,Argentina,fbellqh@irs.gov
955,Jerry,Cole,150.12.202.27,Sweden,jcoleqi@angelfire.com
956,Paul,Young,234.32.236.41,China,pyoungqj@jalbum.net
957,Carlos,Thompson,85.190.131.213,Philippines,cthompsonqk@mediafire.com
958,Samuel,Morales,251.145.53.29,Venezuela,smoralesql@indiatimes.com
959,Judy,Morgan,180.136.205.70,Indonesia,jmorganqm@twitpic.com
960,Sean,Baker,9.31.141.234,Poland,sbakerqn@geocities.jp
961,Keith,Harris,220.51.48.160,China,kharrisqo@acquirethisname.com
962,Katherine,Freeman,109.212.235.166,China,kfreemanqp@blogspot.com
963,James,Carr,39.46.103.129,Philippines,jcarrqq@typepad.com
964,Gerald,Black,106.166.69.206,China,gblackqr@europa.eu
965,Deborah,Morgan,38.117.91.210,Sweden,dmorganqs@taobao.com
966,Albert,Lawrence,19.234.159.241,China,alawrenceqt@goo.ne.jp
967,Justin,Freeman,30.16.108.136,Argentina,jfreemanqu@bloomberg.com
968,Jose,Bell,95.43.106.119,Indonesia,jbellqv@so-net.ne.jp
969,Pamela,Simmons,173.220.166.58,Japan,psimmonsqw@homestead.com
970,Heather,Reed,82.91.198.173,United States,hreedqx@cisco.com
971,Sandra,Grant,82.114.40.78,Poland,sgrantqy@xing.com
972,George,Mason,109.230.180.153,Finland,gmasonqz@amazonaws.com
973,Dennis,Graham,195.45.205.97,China,dgrahamr0@vistaprint.com
974,Adam,Bryant,130.152.250.55,Colombia,abryantr1@chicagotribune.com
975,Chris,Davis,212.157.46.139,China,cdavisr2@springer.com
976,Beverly,Allen,233.81.30.162,Russia,ballenr3@discovery.com
977,Barbara,Frazier,111.80.133.22,France,bfrazierr4@angelfire.com
978,Benjamin,Long,171.15.241.151,China,blongr5@google.com
979,Cheryl,Morales,29.101.250.42,Ukraine,cmoralesr6@salon.com
980,Christine,Evans,36.13.71.136,Brazil,cevansr7@bluehost.com
981,Theresa,Bowman,97.120.105.87,Tajikistan,tbowmanr8@ed.gov
982,Joe,Fowler,12.58.4.88,Argentina,jfowlerr9@mac.com
983,Jean,Wagner,206.19.253.213,Indonesia,jwagnerra@wikispaces.com
984,Tina,Sims,171.84.10.35,France,tsimsrb@taobao.com
985,Elizabeth,Cox,62.74.46.88,Philippines,ecoxrc@paypal.com
986,Laura,Harvey,103.220.206.130,Philippines,lharveyrd@hhs.gov
987,Matthew,Morris,76.199.244.38,Indonesia,mmorrisre@yelp.com
988,Adam,Morgan,196.196.27.122,Palestinian Territory,amorganrf@ibm.com
989,James,Flores,41.198.225.99,Indonesia,jfloresrg@seesaa.net
990,Jean,Harris,134.179.108.10,China,jharrisrh@jalbum.net
991,Katherine,Rivera,237.114.29.183,Russia,kriverari@storify.com
992,Robin,Cunningham,43.166.79.156,Bosnia and Herzegovina,rcunninghamrj@google.co.jp
993,Christine,Lee,77.119.121.139,Armenia,cleerk@sbwire.com
994,Tina,Richards,39.211.161.55,China,trichardsrl@hao123.com
995,Kevin,Henry,233.114.194.241,Czech Republic,khenryrm@live.com
996,Kathleen,Hudson,215.79.65.8,Thailand,khudsonrn@nih.gov
997,Debra,Gilbert,57.207.234.185,Russia,dgilbertro@youku.com
998,John,Henry,6.60.123.130,Portugal,jhenryrp@arizona.edu
999,Stephen,Jones,233.230.93.33,Russia,sjonesrq@lycos.com
1000,Donna,Schmidt,217.200.244.166,South Korea,dschmidtrr@elegantthemes.com
